entry_id,booked_on,kind,order_ref,expected_amount_inr,memo
INV-0P9O6K4M,2026-03-02,receivable,,"3,416.42",INV INV-0P9O6K4M domestic sale
INV-14XS68BP,2026-03-02,receivable,,"5,857.42",INV INV-14XS68BP domestic sale
INV-2A2M2FUY,2026-03-02,receivable,order_2a2m2fuy1fpluy,"1,950.85",INV INV-2A2M2FUY domestic sale
INV-3B8GVBNZ,2026-03-02,receivable,order_3b8gvbnzb1zt9f,"32,428.30",INV INV-3B8GVBNZ domestic sale
INV-3E4LJBDJ,2026-03-02,receivable,,975.42,INV INV-3E4LJBDJ domestic sale
INV-4F3RNKQB,2026-03-02,receivable,order_4f3rnkqbj7jq2d,"3,416.42",INV INV-4F3RNKQB domestic sale
INV-5LF1YNMF,2026-03-02,receivable,,"4,685.26",INV INV-5LF1YNMF domestic sale
INV-7KLC63BF,2026-03-02,receivable,,"9,078.57",INV INV-7KLC63BF domestic sale
INV-8OHYVYSY,2026-03-02,receivable,order_8ohyvysy8uftww,"9,763.02",INV INV-8OHYVYSY domestic sale
INV-8XDBW8NQ,2026-03-02,receivable,,"4,392.82",INV INV-8XDBW8NQ domestic sale
INV-96C3908N,2026-03-02,receivable,order_96c3908nwy2z3m,780.14,INV INV-96C3908N domestic sale
INV-9D6AZ2N6,2026-03-02,receivable,order_9d6az2n61rkfct,"1,267.37",INV INV-9D6AZ2N6 domestic sale
INV-9INN1IQY,2026-03-02,receivable,,"4,392.82",INV INV-9INN1IQY domestic sale
INV-9JMDEH2Z,2026-03-02,receivable,order_9jmdeh2zz1h8tj,"9,763.02",INV INV-9JMDEH2Z domestic sale
INV-B4Z1H2Y9,2026-03-02,receivable,order_b4z1h2y9iq84b6,"77,428.81",INV INV-B4Z1H2Y9 domestic sale
INV-E26UVAVW,2026-03-02,receivable,order_e26uvavw1seixc,"2,439.05",INV INV-E26UVAVW domestic sale
INV-EIXEARAJ,2026-03-02,receivable,order_eixearajnhajil,"3,416.42",INV INV-EIXEARAJ domestic sale
INV-EL4HN8P6,2026-03-02,receivable,order_el4hn8p6suss2e,"1,268.34",INV INV-EL4HN8P6 domestic sale
INV-ENE27VP2,2026-03-02,receivable,,974.94,INV INV-ENE27VP2 domestic sale
INV-IDKDGUYJ,2026-03-02,receivable,order_idkdguyj9dk6ys,"4,196.57",INV INV-IDKDGUYJ domestic sale
INV-IPUF6FYS,2026-03-02,receivable,,"10,738.45",INV INV-IPUF6FYS domestic sale
INV-JD2N15T5,2026-03-02,receivable,order_jd2n15t5gngv4r,487.22,INV INV-JD2N15T5 domestic sale
INV-K2UIYOF4,2026-03-02,receivable,,"1,951.82",INV INV-K2UIYOF4 domestic sale
INV-KGW47G23,2026-03-02,receivable,order_kgw47g230lg3ln,"72,561.96",INV INV-KGW47G23 domestic sale
INV-L14WBJNP,2026-03-02,receivable,order_l14wbjnpughaoe,"1,951.82",INV INV-L14WBJNP domestic sale
INV-LCN7TB54,2026-03-02,receivable,,"3,416.42",INV INV-LCN7TB54 domestic sale
INV-LEUVSBV4,2026-03-02,receivable,,"1,268.34",INV INV-LEUVSBV4 domestic sale
INV-LFJIUJ6A,2026-03-02,receivable,order_lfjiuj6aiwqcnk,"1,951.82",INV INV-LFJIUJ6A domestic sale
INV-LN7MLD2T,2026-03-02,receivable,order_ln7mld2toksdkh,"5,857.42",INV INV-LN7MLD2T domestic sale
INV-N1LYWGAY,2026-03-02,receivable,,975.42,INV INV-N1LYWGAY domestic sale
INV-NRUHHWUR,2026-03-02,receivable,order_nruhhwurmz7c5u,"9,763.02",INV INV-NRUHHWUR domestic sale
INV-NUIZXD7C,2026-03-02,receivable,order_nuizxd7czmfc92,487.22,INV INV-NUIZXD7C domestic sale
INV-O42VIKRO,2026-03-02,receivable,,"5,857.42",INV INV-O42VIKRO domestic sale
INV-O4MXS3HK,2026-03-02,receivable,,"8,297.94",INV INV-O4MXS3HK domestic sale
INV-P0OE879J,2026-03-02,receivable,,487.22,INV INV-P0OE879J domestic sale
INV-QNTIRYRC,2026-03-02,receivable,order_qntiryrce51gpu,"1,951.82",INV INV-QNTIRYRC domestic sale
INV-VP53CQNB,2026-03-02,receivable,order_vp53cqnb4kcj2h,"9,030.24",INV INV-VP53CQNB domestic sale
INV-WE1AYI9R,2026-03-02,receivable,order_we1ayi9rs4k8kb,"7,810.22",INV INV-WE1AYI9R domestic sale
INV-YT7CKF59,2026-03-02,receivable,,"3,416.42",INV INV-YT7CKF59 domestic sale
INV-YY4373J0,2026-03-02,receivable,order_yy4373j0m1uudg,"7,809.74",INV INV-YY4373J0 domestic sale
INV-ZVM7JQEU,2026-03-02,receivable,,487.22,INV INV-ZVM7JQEU domestic sale
INV-0G2KCUDT,2026-03-03,receivable,order_0g2kcudt2vqbsd,"1,951.82",INV INV-0G2KCUDT domestic sale
INV-0QEXRZ5U,2026-03-03,receivable,order_0qexrz5uhv0c5k,"2,928.22",INV INV-0QEXRZ5U domestic sale
INV-1AEMDQM0,2026-03-03,receivable,order_1aemdqm0r84g76,"1,462.65",INV INV-1AEMDQM0 domestic sale
INV-2PMS4GZR,2026-03-03,receivable,order_2pms4gzr7z7oqi,"2,440.02",INV INV-2PMS4GZR domestic sale
INV-2PWA7X2D,2026-03-03,receivable,,"4,392.82",INV INV-2PWA7X2D domestic sale
INV-3ONWCBRR,2026-03-03,receivable,,"7,321.05",INV INV-3ONWCBRR domestic sale
INV-42QO2XT5,2026-03-03,receivable,,"10,738.45",INV INV-42QO2XT5 domestic sale
INV-4KS1TUW9,2026-03-03,receivable,,"5,857.42",INV INV-4KS1TUW9 domestic sale
INV-4OMP1QZ9,2026-03-03,receivable,order_4omp1qz90s0rup,"2,928.22",INV INV-4OMP1QZ9 domestic sale
INV-6OTIHWN6,2026-03-03,receivable,,780.14,INV INV-6OTIHWN6 domestic sale
INV-96EQWKC1,2026-03-03,receivable,order_96eqwkc11pdod8,"4,391.85",INV INV-96EQWKC1 domestic sale
INV-B4OEPXB4,2026-03-03,receivable,,"2,439.54",INV INV-B4OEPXB4 domestic sale
INV-BP4FMW5H,2026-03-03,receivable,order_bp4fmw5hibuxbe,"5,124.64",INV INV-BP4FMW5H domestic sale
INV-E1TQETUZ,2026-03-03,receivable,order_e1tqetuz6c3lom,"1,951.82",INV INV-E1TQETUZ domestic sale
INV-FDX9K26Z,2026-03-03,receivable,order_fdx9k26zww06eq,"1,463.62",INV INV-FDX9K26Z domestic sale
INV-H003AFIY,2026-03-03,receivable,,"7,810.22",INV INV-H003AFIY domestic sale
INV-HGS4HZ0Y,2026-03-03,receivable,,"6,832.85",INV INV-HGS4HZ0Y domestic sale
INV-IXSUOUUL,2026-03-03,receivable,order_ixsuouulnfw3iv,"13,179.45",INV INV-IXSUOUUL domestic sale
INV-JUOAXGSP,2026-03-03,receivable,order_juoaxgspiwe5t6,"2,928.22",INV INV-JUOAXGSP domestic sale
INV-KCEPUH45,2026-03-03,receivable,,780.14,INV INV-KCEPUH45 domestic sale
INV-L97NY2MA,2026-03-03,receivable,,"2,928.22",INV INV-L97NY2MA domestic sale
INV-LBQKLO90,2026-03-03,receivable,,"3,416.42",INV INV-LBQKLO90 domestic sale
INV-LG2TT872,2026-03-03,receivable,order_lg2tt87235bmoa,"7,810.22",INV INV-LG2TT872 domestic sale
INV-MRMLGE5D,2026-03-03,receivable,,"5,857.42",INV INV-MRMLGE5D domestic sale
INV-MXS4M1S9,2026-03-03,receivable,,975.42,INV INV-MXS4M1S9 domestic sale
INV-N928B0JB,2026-03-03,receivable,,"2,928.22",INV INV-N928B0JB domestic sale
INV-NZAZQ92Q,2026-03-03,receivable,order_nzazq92qzvwaij,"6,247.50",INV INV-NZAZQ92Q domestic sale
INV-O5KYUK6J,2026-03-03,receivable,,"7,810.22",INV INV-O5KYUK6J domestic sale
INV-Q2AOJVMV,2026-03-03,receivable,order_q2aojvmv6oea4q,"1,268.34",INV INV-Q2AOJVMV domestic sale
INV-QPWRLL61,2026-03-03,receivable,order_qpwrll61uor8y9,"8,297.94",INV INV-QPWRLL61 domestic sale
INV-SL1LKLIG,2026-03-03,receivable,order_sl1lkligwibl2z,"10,738.94",INV INV-SL1LKLIG domestic sale
INV-SW5HJIOQ,2026-03-03,receivable,order_sw5hjioq845abz,"4,361.98",INV INV-SW5HJIOQ USD 54.00 @ 82.7299
INV-T960TIDD,2026-03-03,receivable,order_t960tiddb2zh0d,"1,940.07",INV INV-T960TIDD USD 24.00 @ 82.7903
INV-VANTTMCO,2026-03-03,receivable,order_vanttmcosj3lsh,"2,928.22",INV INV-VANTTMCO domestic sale
INV-VVVHOLPU,2026-03-03,receivable,order_vvvholpuhlhk1g,"3,416.42",INV INV-VVVHOLPU domestic sale
INV-WB8Q6GY7,2026-03-03,receivable,,"1,755.57",INV INV-WB8Q6GY7 domestic sale
INV-XYWERR9D,2026-03-03,receivable,order_xywerr9dhrzkq1,"9,273.85",INV INV-XYWERR9D domestic sale
INV-Z38V8SUF,2026-03-03,receivable,,"88,214.25",INV INV-Z38V8SUF domestic sale
INV-Z5B71X17,2026-03-03,receivable,,"3,416.42",INV INV-Z5B71X17 domestic sale
INV-ZL3VOIN3,2026-03-03,receivable,order_zl3voin3zn6qtd,"29,932.68",INV INV-ZL3VOIN3 domestic sale
INV-ZRLQAD6C,2026-03-03,receivable,order_zrlqad6coyb7h8,"4,636.44",INV INV-ZRLQAD6C domestic sale
INV-2D2T2MBD,2026-03-04,receivable,,"1,755.57",INV INV-2D2T2MBD domestic sale
INV-67MHFHPZ,2026-03-04,receivable,order_67mhfhpz7u8pxa,"4,370.03",INV INV-67MHFHPZ USD 54.00 @ 82.8826
INV-6O3I8WQJ,2026-03-04,receivable,order_6o3i8wqj333hy5,"89,356.46",INV INV-6O3I8WQJ domestic sale
INV-8BYDZ9N4,2026-03-04,receivable,,"4,392.82",INV INV-8BYDZ9N4 domestic sale
INV-8GEQ6IT1,2026-03-04,receivable,order_8geq6it112kkjj,"2,000.16",INV INV-8GEQ6IT1 domestic sale
INV-8RE9XXFS,2026-03-04,receivable,,"1,951.82",INV INV-8RE9XXFS domestic sale
INV-93J1E0S8,2026-03-04,receivable,order_93j1e0s803b9z0,975.42,INV INV-93J1E0S8 domestic sale
INV-BBZ8QEE6,2026-03-04,receivable,order_bbz8qee6d9he0m,"7,810.22",INV INV-BBZ8QEE6 domestic sale
INV-BZ8WTP1D,2026-03-04,receivable,order_bz8wtp1dk7gj2a,"1,462.65",INV INV-BZ8WTP1D domestic sale
INV-DRPGTA7X,2026-03-04,receivable,,"1,951.82",INV INV-DRPGTA7X domestic sale
INV-EJQKW914,2026-03-04,receivable,order_ejqkw9141vym08,"4,881.02",INV INV-EJQKW914 domestic sale
INV-F15T7IHN,2026-03-04,receivable,order_f15t7ihnqh71ki,"1,755.57",INV INV-F15T7IHN domestic sale
INV-G7NFG07F,2026-03-04,receivable,order_g7nfg07fb2i9rw,"4,880.05",INV INV-G7NFG07F domestic sale
INV-H8TAZFC7,2026-03-04,receivable,,"1,268.34",INV INV-H8TAZFC7 domestic sale
INV-HYT0P5TJ,2026-03-04,receivable,order_hyt0p5tjifrcqf,"3,422.79",INV INV-HYT0P5TJ USD 42.00 @ 83.4649
INV-I2CD6DMY,2026-03-04,receivable,,"11,714.85",INV INV-I2CD6DMY domestic sale
INV-I8TFQQAA,2026-03-04,receivable,order_i8tfqqaavzvtnx,"2,440.02",INV INV-I8TFQQAA domestic sale
INV-JR1X6D1A,2026-03-04,receivable,order_jr1x6d1awtcpy5,"7,810.22",INV INV-JR1X6D1A domestic sale
INV-KA4IG5YP,2026-03-04,receivable,order_ka4ig5ypi8m0xn,"7,801.95",INV INV-KA4IG5YP USD 97.00 @ 82.3766
INV-LV8HB240,2026-03-04,receivable,order_lv8hb240b1ppf7,"2,928.22",INV INV-LV8HB240 domestic sale
INV-MVR2T4TZ,2026-03-04,receivable,order_mvr2t4tznogkuk,"4,906.20",INV INV-MVR2T4TZ USD 61.00 @ 82.3736
INV-MZBSTDUQ,2026-03-04,receivable,order_mzbstduql3yedb,"7,810.22",INV INV-MZBSTDUQ domestic sale
INV-N3JVIL2T,2026-03-04,receivable,order_n3jvil2t2d1lzo,"2,440.02",INV INV-N3JVIL2T domestic sale
INV-O0IZP84I,2026-03-04,receivable,order_o0izp84i6pmfgb,"3,431.52",INV INV-O0IZP84I USD 42.00 @ 83.6777
INV-O5OAH6ZD,2026-03-04,receivable,order_o5oah6zdkora7t,"1,268.34",INV INV-O5OAH6ZD domestic sale
INV-Q4Q3PF4G,2026-03-04,receivable,order_q4q3pf4g5bkwsb,"5,368.74",INV INV-Q4Q3PF4G domestic sale
INV-QE9HPVYE,2026-03-04,receivable,order_qe9hpvye4ncpwm,"3,415.45",INV INV-QE9HPVYE domestic sale
INV-QVNIA57K,2026-03-04,receivable,,"1,951.82",INV INV-QVNIA57K domestic sale
INV-RES6ZA98,2026-03-04,receivable,order_res6za98vazwap,"2,928.22",INV INV-RES6ZA98 domestic sale
INV-S0R34I1I,2026-03-04,receivable,order_s0r34i1ixq4c6k,"3,416.42",INV INV-S0R34I1I domestic sale
INV-SQLS1MEG,2026-03-04,receivable,order_sqls1megzr7hzo,"4,880.05",INV INV-SQLS1MEG domestic sale
INV-T5YNGO6B,2026-03-04,receivable,order_t5yngo6bu9o4nv,"2,429.59",INV INV-T5YNGO6B USD 30.00 @ 82.9443
INV-V42ARAD3,2026-03-04,receivable,order_v42arad3pvqmhm,"4,881.02",INV INV-V42ARAD3 domestic sale
INV-VQXWVR7F,2026-03-04,receivable,order_vqxwvr7fta20d0,975.42,INV INV-VQXWVR7F domestic sale
INV-X6L0SX3D,2026-03-04,receivable,,"15,620.45",INV INV-X6L0SX3D domestic sale
INV-XLQTPQ49,2026-03-04,receivable,order_xlqtpq4904kcir,"2,416.82",INV INV-XLQTPQ49 USD 30.00 @ 82.5077
INV-YJINSYC0,2026-03-04,receivable,,"1,463.62",INV INV-YJINSYC0 domestic sale
INV-ZENHQK56,2026-03-04,receivable,order_zenhqk56g98n58,972.11,INV INV-ZENHQK56 USD 12.00 @ 82.9668
INV-ZJDBQ8PJ,2026-03-04,receivable,order_zjdbq8pj9q3c42,"10,250.25",INV INV-ZJDBQ8PJ domestic sale
CRN-6U89NDHX,2026-03-05,refund,,"-4,624.25",Credit note against INV-VP53CQNB
CRN-L2D7DHM8,2026-03-05,refund,,"-5,498.50",Credit note against INV-Q4Q3PF4G
INV-0BLE86FV,2026-03-05,receivable,order_0ble86fvubo0xk,"6,344.65",INV INV-0BLE86FV domestic sale
INV-0FT7AJRN,2026-03-05,receivable,order_0ft7ajrnqf2u5e,"5,857.42",INV INV-0FT7AJRN domestic sale
INV-1SBKLWR7,2026-03-05,receivable,,"2,928.22",INV INV-1SBKLWR7 domestic sale
INV-4A2C3WA6,2026-03-05,receivable,,"2,440.02",INV INV-4A2C3WA6 domestic sale
INV-4BVJFQHM,2026-03-05,receivable,order_4bvjfqhmtp77b9,"6,090.02",INV INV-4BVJFQHM USD 75.00 @ 83.1629
INV-8JH6Q4W2,2026-03-05,receivable,order_8jh6q4w2lf1quy,"1,951.82",INV INV-8JH6Q4W2 domestic sale
INV-8R3RF9E6,2026-03-05,receivable,order_8r3rf9e69uwf80,"3,416.42",INV INV-8R3RF9E6 domestic sale
INV-BAILTNZU,2026-03-05,receivable,,"4,392.82",INV INV-BAILTNZU domestic sale
INV-DLVVJ0MI,2026-03-05,receivable,,"5,368.74",INV INV-DLVVJ0MI domestic sale
INV-F7R2J6H6,2026-03-05,receivable,,"9,763.02",INV INV-F7R2J6H6 domestic sale
INV-GGDBPA97,2026-03-05,receivable,order_ggdbpa97ci2k0y,"1,951.82",INV INV-GGDBPA97 domestic sale
INV-GIFYAZHB,2026-03-05,receivable,,"2,341.90",INV INV-GIFYAZHB domestic sale
INV-GJ0Z6OC3,2026-03-05,receivable,,"11,714.85",INV INV-GJ0Z6OC3 domestic sale
INV-GYPXD6AI,2026-03-05,receivable,order_gypxd6aiohdy9m,"5,857.42",INV INV-GYPXD6AI domestic sale
INV-HBZZGBUL,2026-03-05,receivable,,"4,881.02",INV INV-HBZZGBUL domestic sale
INV-HLD38MH5,2026-03-05,receivable,order_hld38mh596gs40,"1,755.57",INV INV-HLD38MH5 domestic sale
INV-JWWZODOT,2026-03-05,receivable,order_jwwzodoteo9f4k,"5,857.42",INV INV-JWWZODOT domestic sale
INV-LCIASHZQ,2026-03-05,receivable,order_lciashzqgg996e,"3,660.04",INV INV-LCIASHZQ domestic sale
INV-LHZ1KBMT,2026-03-05,receivable,,"2,830.10",INV INV-LHZ1KBMT domestic sale
INV-M8UIU4NP,2026-03-05,receivable,order_m8uiu4npu9wgul,"5,857.42",INV INV-M8UIU4NP domestic sale
INV-NJSA7IEU,2026-03-05,receivable,order_njsa7ieue3ps5o,487.22,INV INV-NJSA7IEU domestic sale
INV-OFWXPEX7,2026-03-05,receivable,order_ofwxpex73fk6f9,"3,416.42",INV INV-OFWXPEX7 domestic sale
INV-OJAXUMXP,2026-03-05,receivable,,975.42,INV INV-OJAXUMXP domestic sale
INV-PFRRN2J8,2026-03-05,receivable,,"6,345.14",INV INV-PFRRN2J8 domestic sale
INV-PPBU8OZI,2026-03-05,receivable,,"2,928.22",INV INV-PPBU8OZI domestic sale
INV-Q9H2GMEO,2026-03-05,receivable,order_q9h2gmeomjn79p,487.22,INV INV-Q9H2GMEO domestic sale
INV-S8N0RTUH,2026-03-05,receivable,,"7,809.25",INV INV-S8N0RTUH domestic sale
INV-SX3SO8HY,2026-03-05,receivable,order_sx3so8hyo1e9mc,"2,928.22",INV INV-SX3SO8HY domestic sale
INV-T78PHTP3,2026-03-05,receivable,order_t78phtp37wctet,"3,903.65",INV INV-T78PHTP3 domestic sale
INV-U7T7QSKQ,2026-03-05,receivable,order_u7t7qskq7ramhw,"3,660.04",INV INV-U7T7QSKQ domestic sale
INV-UI8SQ3ZM,2026-03-05,receivable,,"2,440.02",INV INV-UI8SQ3ZM domestic sale
INV-UVQ4Q5PQ,2026-03-05,receivable,,"4,392.82",INV INV-UVQ4Q5PQ domestic sale
INV-VD8D20LY,2026-03-05,receivable,,"2,928.22",INV INV-VD8D20LY domestic sale
INV-Y8S9Z7AT,2026-03-05,receivable,order_y8s9z7atts119e,"7,774.49",INV INV-Y8S9Z7AT USD 96.00 @ 82.9419
INV-YXFC3FFW,2026-03-05,receivable,,"2,440.02",INV INV-YXFC3FFW domestic sale
INV-Z8H1KJ3V,2026-03-05,receivable,order_z8h1kj3v45vhat,"11,226.65",INV INV-Z8H1KJ3V domestic sale
INV-ZVJPSNUD,2026-03-05,receivable,order_zvjpsnudp9os13,"3,416.42",INV INV-ZVJPSNUD domestic sale
TDS-0J0QNJ7K,2026-03-05,tds,,-9.99,Withholding accrual @ 1.00% on batch 0qnj7k
TDS-PXTOMQA0,2026-03-05,tds,,-99.99,Withholding accrual @ 1.00% on batch tomqa0
CRN-6TY744WV,2026-03-06,refund,,"-3,748.50",Credit note against INV-LCIASHZQ
CRN-FHQJN6MA,2026-03-06,refund,,-649.50,Credit note against INV-H8TAZFC7
CRN-JYO01RT0,2026-03-06,refund,,"-7,498.00",Credit note against INV-3ONWCBRR
CRN-T822937C,2026-03-06,refund,,-124.75,Credit note against INV-NUIZXD7C
CRN-VOSFO0W6,2026-03-06,refund,,"-4,249.25",Credit note against INV-O4MXS3HK
CRN-YGRET43N,2026-03-06,refund,,"-91,516.25",Credit note against INV-6O3I8WQJ
INV-08A2ZZ7A,2026-03-06,receivable,order_08a2zz7a67nopp,"2,927.25",INV INV-08A2ZZ7A domestic sale
INV-0GLBKN88,2026-03-06,receivable,,"7,810.22",INV INV-0GLBKN88 domestic sale
INV-0JIALWOD,2026-03-06,receivable,,974.94,INV INV-0JIALWOD domestic sale
INV-1IG6C621,2026-03-06,receivable,order_1ig6c621gzdk3o,"2,440.02",INV INV-1IG6C621 domestic sale
INV-1V1FFWEC,2026-03-06,receivable,order_1v1ffwecytr15c,"3,380.62",INV INV-1V1FFWEC USD 42.00 @ 82.4367
INV-1VLLN2CH,2026-03-06,receivable,order_1vlln2ch1icbtl,"3,904.14",INV INV-1VLLN2CH domestic sale
INV-2BP7BFRM,2026-03-06,receivable,order_2bp7bfrmc42vou,"6,832.85",INV INV-2BP7BFRM domestic sale
INV-36IBEXTN,2026-03-06,receivable,order_36ibextnzhvpf1,"7,810.22",INV INV-36IBEXTN domestic sale
INV-3OU70GMF,2026-03-06,receivable,,"98,161.76",INV INV-3OU70GMF domestic sale
INV-3WVEDYOG,2026-03-06,receivable,,"4,392.82",INV INV-3WVEDYOG domestic sale
INV-5J7NQ8TY,2026-03-06,receivable,order_5j7nq8tydajd3i,"1,05,524.50",INV INV-5J7NQ8TY domestic sale
INV-68GN2L7M,2026-03-06,receivable,,"7,810.22",INV INV-68GN2L7M domestic sale
INV-6IUOBP6K,2026-03-06,receivable,order_6iuobp6kvzc7dk,975.42,INV INV-6IUOBP6K domestic sale
INV-6J6GPS39,2026-03-06,receivable,order_6j6gps399egzof,"1,268.34",INV INV-6J6GPS39 domestic sale
INV-89PXEV55,2026-03-06,receivable,order_89pxev55ff6z1c,"1,268.34",INV INV-89PXEV55 domestic sale
INV-9WP5AU7F,2026-03-06,receivable,,"2,440.02",INV INV-9WP5AU7F domestic sale
INV-A7BXC1PE,2026-03-06,receivable,,"9,273.85",INV INV-A7BXC1PE domestic sale
INV-CYCUGM26,2026-03-06,receivable,order_cycugm26qlv96g,"9,518.44",INV INV-CYCUGM26 domestic sale
INV-DHWK1CQ5,2026-03-06,receivable,,"1,268.34",INV INV-DHWK1CQ5 domestic sale
INV-EKB87NKX,2026-03-06,receivable,,"4,881.02",INV INV-EKB87NKX domestic sale
INV-FX7I9THG,2026-03-06,receivable,order_fx7i9thgz7hifh,"3,416.42",INV INV-FX7I9THG domestic sale
INV-G9GTSDNX,2026-03-06,receivable,order_g9gtsdnxko5yli,"14,644.05",INV INV-G9GTSDNX domestic sale
INV-H9FUH61Q,2026-03-06,receivable,order_h9fuh61qgvgxpz,"12,203.05",INV INV-H9FUH61Q domestic sale
INV-HLYFU7K2,2026-03-06,receivable,order_hlyfu7k287pda0,"10,738.94",INV INV-HLYFU7K2 domestic sale
INV-HS1LT4C0,2026-03-06,receivable,order_hs1lt4c06x3s35,"19,526.05",INV INV-HS1LT4C0 domestic sale
INV-J8NCEQNG,2026-03-06,receivable,,780.14,INV INV-J8NCEQNG domestic sale
INV-J9SYNJE5,2026-03-06,receivable,,489.34,INV INV-J9SYNJE5 USD 6.00 @ 83.5271
INV-JPZIFRXC,2026-03-06,receivable,,"3,415.45",INV INV-JPZIFRXC domestic sale
INV-JWNRTYG4,2026-03-06,receivable,,"5,368.25",INV INV-JWNRTYG4 domestic sale
INV-KHY7CAUI,2026-03-06,receivable,order_khy7cauiph02y4,"3,416.42",INV INV-KHY7CAUI domestic sale
INV-KNCXE7I6,2026-03-06,receivable,,"4,391.85",INV INV-KNCXE7I6 domestic sale
INV-LAL91FXD,2026-03-06,receivable,order_lal91fxdr8as8d,487.22,INV INV-LAL91FXD domestic sale
INV-LE72QR57,2026-03-06,receivable,order_le72qr57o9z5rv,"5,368.25",INV INV-LE72QR57 domestic sale
INV-LMPGCPNS,2026-03-06,receivable,order_lmpgcpnscbljct,"4,428.14",INV INV-LMPGCPNS USD 54.00 @ 83.9847
INV-LYM44ISN,2026-03-06,receivable,order_lym44isn9ibi7w,"1,951.82",INV INV-LYM44ISN domestic sale
INV-LYTW2UHP,2026-03-06,receivable,order_lytw2uhp3u1nq8,"5,857.42",INV INV-LYTW2UHP domestic sale
INV-M729KRQ4,2026-03-06,receivable,order_m729krq4wts6me,"3,416.42",INV INV-M729KRQ4 domestic sale
INV-M758ZHM4,2026-03-06,receivable,,"3,416.42",INV INV-M758ZHM4 domestic sale
INV-MGRL6E9C,2026-03-06,receivable,,"1,01,346.68",INV INV-MGRL6E9C domestic sale
INV-MI0WOALZ,2026-03-06,receivable,order_mi0woalzgr1mey,"13,667.65",INV INV-MI0WOALZ domestic sale
INV-MQUZD9BE,2026-03-06,receivable,order_mquzd9be0lxurs,"3,416.42",INV INV-MQUZD9BE domestic sale
INV-N4I5ZMZY,2026-03-06,receivable,order_n4i5zmzy52s639,"1,463.62",INV INV-N4I5ZMZY domestic sale
INV-NG8OA7VQ,2026-03-06,receivable,order_ng8oa7vq4qxx5l,"9,763.02",INV INV-NG8OA7VQ domestic sale
INV-NSGBHES9,2026-03-06,receivable,order_nsgbhes9tmsl9z,"3,416.42",INV INV-NSGBHES9 domestic sale
INV-OO17VFZJ,2026-03-06,receivable,order_oo17vfzjux8cg7,487.22,INV INV-OO17VFZJ domestic sale
INV-P58FQ48K,2026-03-06,receivable,,"7,810.22",INV INV-P58FQ48K domestic sale
INV-R8E3TNDF,2026-03-06,receivable,order_r8e3tndfettfyh,780.14,INV INV-R8E3TNDF domestic sale
INV-RQW196FJ,2026-03-06,receivable,,"4,392.82",INV INV-RQW196FJ domestic sale
INV-T7GRC54P,2026-03-06,receivable,order_t7grc54p2f330b,"1,463.62",INV INV-T7GRC54P domestic sale
INV-T89BU151,2026-03-06,receivable,order_t89bu151wwnk25,"2,195.44",INV INV-T89BU151 domestic sale
INV-TWBBTP5I,2026-03-06,receivable,order_twbbtp5imjx2dn,"2,927.25",INV INV-TWBBTP5I domestic sale
INV-U83A4ILU,2026-03-06,receivable,order_u83a4ilu27bpew,"3,416.42",INV INV-U83A4ILU domestic sale
INV-UHGSQRYF,2026-03-06,receivable,,"10,738.45",INV INV-UHGSQRYF domestic sale
INV-UZOFNLA1,2026-03-06,receivable,order_uzofnla1srzcez,"5,368.74",INV INV-UZOFNLA1 domestic sale
INV-VN336C56,2026-03-06,receivable,order_vn336c567dheb4,"5,621.24",INV INV-VN336C56 USD 69.00 @ 83.4364
INV-VQO5X48J,2026-03-06,receivable,,"8,444.40",INV INV-VQO5X48J domestic sale
INV-WP8NXWNS,2026-03-06,receivable,,"1,463.62",INV INV-WP8NXWNS domestic sale
INV-WVI98JX1,2026-03-06,receivable,order_wvi98jx1rkmf2s,780.14,INV INV-WVI98JX1 domestic sale
INV-XPJDZ4FV,2026-03-06,receivable,order_xpjdz4fvgxrd95,"3,416.42",INV INV-XPJDZ4FV domestic sale
INV-XZ8ZTTAR,2026-03-06,receivable,order_xz8zttar3ouar6,"7,810.22",INV INV-XZ8ZTTAR domestic sale
TDS-51167VII,2026-03-06,tds,,-28.74,Withholding accrual @ 1.00% on batch 167vii
TDS-S6DT4T76,2026-03-06,tds,,-144.78,Withholding accrual @ 1.00% on batch dt4t76
TDS-UQLSF8QI,2026-03-06,tds,,-128.88,Withholding accrual @ 1.00% on batch lsf8qi
INV-8ZR4GYK5,2026-03-07,receivable,order_8zr4gyk59myx88,"1,463.62",INV INV-8ZR4GYK5 domestic sale
INV-9J8OYGUM,2026-03-07,receivable,order_9j8oygume741p7,"9,763.02",INV INV-9J8OYGUM domestic sale
INV-BBFHKNBL,2026-03-07,receivable,order_bbfhknblwg4uzj,"4,392.82",INV INV-BBFHKNBL domestic sale
INV-DHVTADUV,2026-03-07,receivable,,"3,415.94",INV INV-DHVTADUV domestic sale
INV-DUEXHI1S,2026-03-07,receivable,,487.22,INV INV-DUEXHI1S domestic sale
INV-E7573TZE,2026-03-07,receivable,,"67,994.96",INV INV-E7573TZE domestic sale
INV-EV99JHCT,2026-03-07,receivable,,"2,440.02",INV INV-EV99JHCT domestic sale
INV-EZ31CKNJ,2026-03-07,receivable,,"5,857.42",INV INV-EZ31CKNJ domestic sale
INV-G54YYLOQ,2026-03-07,receivable,order_g54yyloq42xlio,"1,268.34",INV INV-G54YYLOQ domestic sale
INV-H27I4NRA,2026-03-07,receivable,,487.22,INV INV-H27I4NRA domestic sale
INV-HNBV4SFC,2026-03-07,receivable,order_hnbv4sfcbz6ca8,"2,683.64",INV INV-HNBV4SFC domestic sale
INV-J59CYYVO,2026-03-07,receivable,,"9,763.02",INV INV-J59CYYVO domestic sale
INV-MJW24JML,2026-03-07,receivable,,975.42,INV INV-MJW24JML domestic sale
INV-NH15A67U,2026-03-07,receivable,order_nh15a67umvb8kb,"10,543.17",INV INV-NH15A67U domestic sale
INV-SRWGNPCL,2026-03-07,receivable,order_srwgnpcluvjcuf,"4,392.82",INV INV-SRWGNPCL domestic sale
INV-UQTSPTWF,2026-03-07,receivable,order_uqtsptwfovc30l,"1,00,098.93",INV INV-UQTSPTWF domestic sale
INV-WBAZ4NHP,2026-03-07,receivable,,"7,321.05",INV INV-WBAZ4NHP domestic sale
INV-Z9VJP7Y7,2026-03-07,receivable,,"12,691.74",INV INV-Z9VJP7Y7 domestic sale
INV-3TVWE1K5,2026-03-08,receivable,order_3tvwe1k52y3py8,"9,763.02",INV INV-3TVWE1K5 domestic sale
INV-6CL9VHJS,2026-03-08,receivable,order_6cl9vhjs3sis57,"3,416.42",INV INV-6CL9VHJS domestic sale
INV-6L1HMC2H,2026-03-08,receivable,,"5,857.42",INV INV-6L1HMC2H domestic sale
INV-6Q2POX12,2026-03-08,receivable,order_6q2pox12fgjyaw,780.14,INV INV-6Q2POX12 domestic sale
INV-B6ZLFZBK,2026-03-08,receivable,,780.14,INV INV-B6ZLFZBK domestic sale
INV-B78A5DWG,2026-03-08,receivable,order_b78a5dwgacjh7r,"3,416.42",INV INV-B78A5DWG domestic sale
INV-CVD44KFS,2026-03-08,receivable,,"10,738.45",INV INV-CVD44KFS domestic sale
INV-D3EZHYLB,2026-03-08,receivable,order_d3ezhylbmyoniw,"2,440.02",INV INV-D3EZHYLB domestic sale
INV-ENKK0HLK,2026-03-08,receivable,order_enkk0hlk5wrn77,"7,321.54",INV INV-ENKK0HLK domestic sale
INV-IN6INL91,2026-03-08,receivable,order_in6inl91zmo1m0,975.42,INV INV-IN6INL91 domestic sale
INV-JAZ6MK3T,2026-03-08,receivable,order_jaz6mk3tvzs3u0,"1,268.34",INV INV-JAZ6MK3T domestic sale
INV-MVIOM4RW,2026-03-08,receivable,,"7,321.05",INV INV-MVIOM4RW domestic sale
INV-NFKUSGJ6,2026-03-08,receivable,order_nfkusgj6wvlk1a,"2,928.22",INV INV-NFKUSGJ6 domestic sale
INV-SFB9NDW2,2026-03-08,receivable,order_sfb9ndw2fvmsab,"8,053.84",INV INV-SFB9NDW2 domestic sale
INV-VRD7LOMW,2026-03-08,receivable,,"9,763.02",INV INV-VRD7LOMW domestic sale
INV-0HHG4EE5,2026-03-09,receivable,order_0hhg4ee53raz0f,"2,097.80",INV INV-0HHG4EE5 domestic sale
INV-4UES1I8C,2026-03-09,receivable,,"2,440.02",INV INV-4UES1I8C domestic sale
INV-5CV881Q9,2026-03-09,receivable,order_5cv881q9dvh4d5,"1,951.82",INV INV-5CV881Q9 domestic sale
INV-6Y885KBV,2026-03-09,receivable,,"55,217.19",INV INV-6Y885KBV USD 681.00 @ 83.0423
INV-79RHK2YC,2026-03-09,receivable,order_79rhk2ycs74efc,"3,416.42",INV INV-79RHK2YC domestic sale
INV-90VMI8J8,2026-03-09,receivable,,"7,321.05",INV INV-90VMI8J8 domestic sale
INV-93FPSMHL,2026-03-09,receivable,order_93fpsmhlzatpal,780.14,INV INV-93FPSMHL domestic sale
INV-9P2RCJF7,2026-03-09,receivable,,"1,268.34",INV INV-9P2RCJF7 domestic sale
INV-AWOZJRHA,2026-03-09,receivable,,"4,196.57",INV INV-AWOZJRHA domestic sale
INV-BAVOZGQZ,2026-03-09,receivable,,"9,273.85",INV INV-BAVOZGQZ domestic sale
INV-EYN9IWQS,2026-03-09,receivable,order_eyn9iwqswp2wjh,483.27,INV INV-EYN9IWQS USD 6.00 @ 82.4921
INV-F39FXPSS,2026-03-09,receivable,order_f39fxpssp27kmb,780.14,INV INV-F39FXPSS domestic sale
INV-FAHL6TQI,2026-03-09,receivable,,"7,810.22",INV INV-FAHL6TQI domestic sale
INV-G3F057SO,2026-03-09,receivable,order_g3f057som1eiq4,"2,440.02",INV INV-G3F057SO domestic sale
INV-GJQV1DE5,2026-03-09,receivable,order_gjqv1de5tiiyqo,780.14,INV INV-GJQV1DE5 domestic sale
INV-GPZ3QZSQ,2026-03-09,receivable,,"8,200.30",INV INV-GPZ3QZSQ domestic sale
INV-H0H4XGYZ,2026-03-09,receivable,,"3,708.37",INV INV-H0H4XGYZ domestic sale
INV-JAG6FXVX,2026-03-09,receivable,order_jag6fxvxgfd9nx,"1,268.34",INV INV-JAG6FXVX domestic sale
INV-JDC2SNZL,2026-03-09,receivable,order_jdc2snzl6ihh85,"12,203.05",INV INV-JDC2SNZL domestic sale
INV-JLKRUMGC,2026-03-09,receivable,,"9,763.02",INV INV-JLKRUMGC domestic sale
INV-JMJA31LM,2026-03-09,receivable,order_jmja31lm7jz6k2,"10,738.45",INV INV-JMJA31LM domestic sale
INV-JPGBDAYB,2026-03-09,receivable,order_jpgbdaybr6wlop,"5,368.25",INV INV-JPGBDAYB domestic sale
INV-KQZQAXQV,2026-03-09,receivable,order_kqzqaxqvgvq8f8,487.22,INV INV-KQZQAXQV domestic sale
INV-L3YMY2ST,2026-03-09,receivable,order_l3ymy2sthcc293,"1,023.76",INV INV-L3YMY2ST domestic sale
INV-LL5XW96R,2026-03-09,receivable,order_ll5xw96rngp9c3,"7,810.22",INV INV-LL5XW96R domestic sale
INV-M0XKS8EN,2026-03-09,receivable,order_m0xks8enwmspd7,"1,268.34",INV INV-M0XKS8EN domestic sale
INV-NC1T7H3F,2026-03-09,receivable,,780.14,INV INV-NC1T7H3F domestic sale
INV-O03NPNMO,2026-03-09,receivable,,"4,881.02",INV INV-O03NPNMO domestic sale
INV-OVVBBS7Z,2026-03-09,receivable,order_ovvbbs7zqjex1o,975.42,INV INV-OVVBBS7Z domestic sale
INV-RRHGXYJX,2026-03-09,receivable,order_rrhgxyjxewgslt,"1,951.82",INV INV-RRHGXYJX domestic sale
INV-SUBT2IW0,2026-03-09,receivable,,"9,763.02",INV INV-SUBT2IW0 domestic sale
INV-T61Z1J5A,2026-03-09,receivable,,"14,644.05",INV INV-T61Z1J5A domestic sale
INV-T7OX1NDY,2026-03-09,receivable,order_t7ox1ndya7rtft,"2,928.22",INV INV-T7OX1NDY domestic sale
INV-TF1ZSQHD,2026-03-09,receivable,order_tf1zsqhdbi4zpp,"4,881.02",INV INV-TF1ZSQHD domestic sale
INV-UCDLEBZ0,2026-03-09,receivable,order_ucdlebz0whz3wi,"12,203.05",INV INV-UCDLEBZ0 domestic sale
INV-WXIW4RU7,2026-03-09,receivable,order_wxiw4ru7847k7z,"4,392.82",INV INV-WXIW4RU7 domestic sale
INV-WXQQLTM1,2026-03-09,receivable,order_wxqqltm1l3yy2o,"4,880.05",INV INV-WXQQLTM1 domestic sale
INV-X2DX621R,2026-03-09,receivable,,"6,344.65",INV INV-X2DX621R domestic sale
INV-XY4FJ8UY,2026-03-09,receivable,order_xy4fj8uyrzvo9p,"10,006.64",INV INV-XY4FJ8UY domestic sale
INV-Y03WQBZP,2026-03-09,receivable,,"2,000.16",INV INV-Y03WQBZP domestic sale
INV-Z7HKL0GT,2026-03-09,receivable,,"5,857.42",INV INV-Z7HKL0GT domestic sale
INV-ZERYYPGQ,2026-03-09,receivable,order_zeryypgqvmie3l,"2,440.02",INV INV-ZERYYPGQ domestic sale
TDS-A6D2OI74,2026-03-09,tds,,-34.98,Withholding accrual @ 1.00% on batch d2oi74
TDS-KJE70O5B,2026-03-09,tds,,-74.97,Withholding accrual @ 1.00% on batch e70o5b
TDS-QQG5AY1R,2026-03-09,tds,,-24.99,Withholding accrual @ 1.00% on batch g5ay1r
CRN-2HNSC0M5,2026-03-10,refund,,-624.75,Credit note against INV-4A2C3WA6
CRN-3LRFFYB5,2026-03-10,refund,,"-2,999.00",Credit note against INV-RES6ZA98
CRN-VDXW6RMW,2026-03-10,refund,,"-2,499.00",Credit note against INV-N3JVIL2T
INV-00YANR6D,2026-03-10,receivable,order_00yanr6dpmwqlr,"9,763.02",INV INV-00YANR6D domestic sale
INV-0M1UJEW4,2026-03-10,receivable,,"4,881.02",INV INV-0M1UJEW4 domestic sale
INV-1NTCIF17,2026-03-10,receivable,,"1,268.34",INV INV-1NTCIF17 domestic sale
INV-2JBTHO87,2026-03-10,receivable,order_2jbtho878lgs8w,"9,763.02",INV INV-2JBTHO87 domestic sale
INV-4B2ZX9CF,2026-03-10,receivable,,487.22,INV INV-4B2ZX9CF domestic sale
INV-56PNKG3L,2026-03-10,receivable,order_56pnkg3lo4vbwd,"8,785.65",INV INV-56PNKG3L domestic sale
INV-5E21R9VE,2026-03-10,receivable,,"3,416.42",INV INV-5E21R9VE domestic sale
INV-5OF8YO0O,2026-03-10,receivable,,"5,857.42",INV INV-5OF8YO0O domestic sale
INV-6109BY4G,2026-03-10,receivable,order_6109by4goh7q3j,"5,857.42",INV INV-6109BY4G domestic sale
INV-64HF6GNV,2026-03-10,receivable,,"4,684.77",INV INV-64HF6GNV domestic sale
INV-6GCJISXD,2026-03-10,receivable,,"2,536.69",INV INV-6GCJISXD domestic sale
INV-8CGWAHO1,2026-03-10,receivable,order_8cgwaho1bbiifv,"1,463.62",INV INV-8CGWAHO1 domestic sale
INV-96Q4B93M,2026-03-10,receivable,order_96q4b93m9b5yr2,"1,951.82",INV INV-96Q4B93M domestic sale
INV-9H1CXKSL,2026-03-10,receivable,order_9h1cxkslgw4rsn,"1,463.62",INV INV-9H1CXKSL domestic sale
INV-DJZMR8X1,2026-03-10,receivable,order_djzmr8x1ayspp2,780.14,INV INV-DJZMR8X1 domestic sale
INV-DQHADDNP,2026-03-10,receivable,order_dqhaddnpskzs9g,"5,857.42",INV INV-DQHADDNP domestic sale
INV-F3OTV779,2026-03-10,receivable,order_f3otv779u82uvl,"4,881.02",INV INV-F3OTV779 domestic sale
INV-IBPGG2B2,2026-03-10,receivable,order_ibpgg2b27jdp7x,975.42,INV INV-IBPGG2B2 domestic sale
INV-ICFXA3GK,2026-03-10,receivable,order_icfxa3gkftvle4,"1,951.82",INV INV-ICFXA3GK domestic sale
INV-ICWA4YMP,2026-03-10,receivable,order_icwa4ympyfn2yv,"1,463.62",INV INV-ICWA4YMP domestic sale
INV-IESOQNFE,2026-03-10,receivable,,"5,612.84",INV INV-IESOQNFE domestic sale
INV-J8XVXVZK,2026-03-10,receivable,order_j8xvxvzkccanfe,780.14,INV INV-J8XVXVZK domestic sale
INV-K83SCUHI,2026-03-10,receivable,,"5,857.42",INV INV-K83SCUHI domestic sale
INV-KQ088MJC,2026-03-10,receivable,,"5,368.25",INV INV-KQ088MJC domestic sale
INV-LA0GDVH7,2026-03-10,receivable,,"1,170.22",INV INV-LA0GDVH7 domestic sale
INV-MLPK5R92,2026-03-10,receivable,,"78,872.26",INV INV-MLPK5R92 domestic sale
INV-MMC963AP,2026-03-10,receivable,order_mmc963ape0322e,"9,763.02",INV INV-MMC963AP domestic sale
INV-N89EIGQK,2026-03-10,receivable,order_n89eigqky5cael,"5,856.45",INV INV-N89EIGQK domestic sale
INV-NI254EV9,2026-03-10,receivable,,"9,763.02",INV INV-NI254EV9 domestic sale
INV-NPZRLHQS,2026-03-10,receivable,order_npzrlhqswgqlmu,487.22,INV INV-NPZRLHQS domestic sale
INV-OF5APNBH,2026-03-10,receivable,,780.14,INV INV-OF5APNBH domestic sale
INV-PFCT97DS,2026-03-10,receivable,,"3,171.84",INV INV-PFCT97DS domestic sale
INV-QSPP92YF,2026-03-10,receivable,order_qspp92yfanz958,"5,857.42",INV INV-QSPP92YF domestic sale
INV-SJS9X2LL,2026-03-10,receivable,order_sjs9x2llkvw2b0,"10,738.94",INV INV-SJS9X2LL domestic sale
INV-T97UF0A8,2026-03-10,receivable,,"2,440.02",INV INV-T97UF0A8 domestic sale
INV-TF4M82M1,2026-03-10,receivable,order_tf4m82m1ombhvx,"8,289.46",INV INV-TF4M82M1 USD 103.00 @ 82.4255
INV-TJQH5IBW,2026-03-10,receivable,,487.22,INV INV-TJQH5IBW domestic sale
INV-TWF2YO2V,2026-03-10,receivable,order_twf2yo2vi083pg,487.22,INV INV-TWF2YO2V domestic sale
INV-UAE5E0HG,2026-03-10,receivable,,"1,365.50",INV INV-UAE5E0HG domestic sale
INV-VJMRBUWZ,2026-03-10,receivable,order_vjmrbuwzbljawk,975.42,INV INV-VJMRBUWZ domestic sale
INV-XHVCZO1Y,2026-03-10,receivable,order_xhvczo1ypspumi,"1,951.82",INV INV-XHVCZO1Y domestic sale
INV-YKIKQFQJ,2026-03-10,receivable,order_ykikqfqj89ti8l,"5,368.74",INV INV-YKIKQFQJ domestic sale
INV-YQW25RLG,2026-03-10,receivable,,"1,756.06",INV INV-YQW25RLG domestic sale
INV-YUDKO889,2026-03-10,receivable,,"1,707.24",INV INV-YUDKO889 domestic sale
INV-Z45XCLUO,2026-03-10,receivable,,"1,268.34",INV INV-Z45XCLUO domestic sale
TDS-0OTCRAW8,2026-03-10,tds,,-59.99,Withholding accrual @ 1.00% on batch tcraw8
TDS-4V3253PR,2026-03-10,tds,,-19.99,Withholding accrual @ 1.00% on batch 3253pr
TDS-F6Y66TUZ,2026-03-10,tds,,-177.44,Withholding accrual @ 1.00% on batch y66tuz
TDS-L7661EFS,2026-03-10,tds,,-24.99,Withholding accrual @ 1.00% on batch 661efs
INV-0O9SXKGI,2026-03-11,receivable,order_0o9sxkgi5ujk3l,487.22,INV INV-0O9SXKGI domestic sale
INV-3DEOVN3C,2026-03-11,receivable,,"7,810.22",INV INV-3DEOVN3C domestic sale
INV-3MLTROKA,2026-03-11,receivable,,"42,141.63",INV INV-3MLTROKA domestic sale
INV-5C5IN8QF,2026-03-11,receivable,,"3,416.42",INV INV-5C5IN8QF domestic sale
INV-5EG3HHI0,2026-03-11,receivable,,"4,392.82",INV INV-5EG3HHI0 domestic sale
INV-5QA4PI9K,2026-03-11,receivable,,"3,220.17",INV INV-5QA4PI9K domestic sale
INV-61YT6VYL,2026-03-11,receivable,order_61yt6vyldui8h6,"10,738.45",INV INV-61YT6VYL domestic sale
INV-66BBC5YW,2026-03-11,receivable,order_66bbc5ywolv84v,"5,857.42",INV INV-66BBC5YW domestic sale
INV-72TM908K,2026-03-11,receivable,order_72tm908kqqp5r0,"4,392.82",INV INV-72TM908K domestic sale
INV-7WTB8NIZ,2026-03-11,receivable,,"1,463.62",INV INV-7WTB8NIZ domestic sale
INV-806SCC48,2026-03-11,receivable,,"3,416.42",INV INV-806SCC48 domestic sale
INV-8CHN8QZ3,2026-03-11,receivable,order_8chn8qz3qn1x9j,780.14,INV INV-8CHN8QZ3 domestic sale
INV-B7N6W3F2,2026-03-11,receivable,order_b7n6w3f2ho43gh,487.22,INV INV-B7N6W3F2 domestic sale
INV-BIZA4TLK,2026-03-11,receivable,order_biza4tlkr4h9v4,975.42,INV INV-BIZA4TLK domestic sale
INV-CIWO10NV,2026-03-11,receivable,,975.42,INV INV-CIWO10NV domestic sale
INV-CKHZQELQ,2026-03-11,receivable,,"87,523.89",INV INV-CKHZQELQ domestic sale
INV-DBIXQ53X,2026-03-11,receivable,order_dbixq53x985dof,975.42,INV INV-DBIXQ53X domestic sale
INV-DEPP70JE,2026-03-11,receivable,,"4,392.82",INV INV-DEPP70JE domestic sale
INV-F4MUZD7A,2026-03-11,receivable,,"4,392.82",INV INV-F4MUZD7A domestic sale
INV-F92T1RTT,2026-03-11,receivable,order_f92t1rttrn2z9l,"7,810.22",INV INV-F92T1RTT domestic sale
INV-FGLOBMXH,2026-03-11,receivable,order_fglobmxhxscra2,"3,416.42",INV INV-FGLOBMXH domestic sale
INV-G1HSAKNZ,2026-03-11,receivable,order_g1hsaknzgj1q20,"11,226.65",INV INV-G1HSAKNZ domestic sale
INV-GNKG8QYO,2026-03-11,receivable,order_gnkg8qyo8qq8kj,"12,691.74",INV INV-GNKG8QYO domestic sale
INV-I75HMWKH,2026-03-11,receivable,,"4,197.06",INV INV-I75HMWKH domestic sale
INV-IRYTT86O,2026-03-11,receivable,,"3,416.42",INV INV-IRYTT86O domestic sale
INV-K1OXQ61Y,2026-03-11,receivable,,"7,810.22",INV INV-K1OXQ61Y domestic sale
INV-L16C05AT,2026-03-11,receivable,order_l16c05at6w7zi4,"2,928.22",INV INV-L16C05AT domestic sale
INV-M00YTYN3,2026-03-11,receivable,order_m00ytyn3dc7oai,"11,959.44",INV INV-M00YTYN3 domestic sale
INV-MG57Z7MC,2026-03-11,receivable,,"11,221.86",INV INV-MG57Z7MC USD 137.00 @ 83.8912
INV-MSTNEAU8,2026-03-11,receivable,order_mstneau8kml0r2,"3,415.94",INV INV-MSTNEAU8 domestic sale
INV-PM7ODVNL,2026-03-11,receivable,order_pm7odvnl8xq7gg,"10,543.17",INV INV-PM7ODVNL domestic sale
INV-PT43XSEI,2026-03-11,receivable,order_pt43xseixv268g,"7,810.22",INV INV-PT43XSEI domestic sale
INV-Q3PC4P2E,2026-03-11,receivable,order_q3pc4p2ezg1z78,"4,392.82",INV INV-Q3PC4P2E domestic sale
INV-QR21FYNS,2026-03-11,receivable,order_qr21fynsinmnah,"1,511.96",INV INV-QR21FYNS domestic sale
INV-QWZZOG5B,2026-03-11,receivable,,"2,488.36",INV INV-QWZZOG5B domestic sale
INV-RHJ4XQXG,2026-03-11,receivable,,975.42,INV INV-RHJ4XQXG domestic sale
INV-SUJU9VVQ,2026-03-11,receivable,order_suju9vvqj4drw9,487.22,INV INV-SUJU9VVQ domestic sale
INV-TH2U0URG,2026-03-11,receivable,,"3,416.42",INV INV-TH2U0URG domestic sale
INV-U7P824TL,2026-03-11,receivable,order_u7p824tlh0emu9,"1,951.82",INV INV-U7P824TL domestic sale
INV-VG4U2E2B,2026-03-11,receivable,order_vg4u2e2bsc6qs9,"2,440.02",INV INV-VG4U2E2B domestic sale
INV-VO5FHWRY,2026-03-11,receivable,,"2,439.54",INV INV-VO5FHWRY domestic sale
INV-W6UPBKXM,2026-03-11,receivable,order_w6upbkxmnbvmew,"2,097.80",INV INV-W6UPBKXM domestic sale
INV-WN9R33VX,2026-03-11,receivable,order_wn9r33vxd687ch,"9,763.02",INV INV-WN9R33VX domestic sale
INV-WY139DVJ,2026-03-11,receivable,,"3,416.42",INV INV-WY139DVJ domestic sale
INV-XZF7MQZX,2026-03-11,receivable,,"2,927.74",INV INV-XZF7MQZX domestic sale
INV-YN8WT5YM,2026-03-11,receivable,,"1,951.82",INV INV-YN8WT5YM domestic sale
INV-YQUKH5TL,2026-03-11,receivable,order_yqukh5tlkmsfqm,"2,440.02",INV INV-YQUKH5TL domestic sale
INV-YVS7NGPH,2026-03-11,receivable,order_yvs7ngph3quoc3,"7,810.22",INV INV-YVS7NGPH domestic sale
INV-ZCHA5ZWJ,2026-03-11,receivable,,487.22,INV INV-ZCHA5ZWJ domestic sale
INV-ZZ1I6FJ0,2026-03-11,receivable,,"4,880.05",INV INV-ZZ1I6FJ0 domestic sale
TDS-M44SFW48,2026-03-11,tds,,-99.99,Withholding accrual @ 1.00% on batch 4sfw48
TDS-MMW5XE1T,2026-03-11,tds,,-29.99,Withholding accrual @ 1.00% on batch w5xe1t
TDS-VU910HIU,2026-03-11,tds,,-54.98,Withholding accrual @ 1.00% on batch 910hiu
CRN-D9VWOF1D,2026-03-12,refund,,"-2,749.25",Credit note against INV-UZOFNLA1
INV-0IIHGTF0,2026-03-12,receivable,,975.42,INV INV-0IIHGTF0 domestic sale
INV-20SH8L3I,2026-03-12,receivable,,"1,951.82",INV INV-20SH8L3I domestic sale
INV-24E0DLKF,2026-03-12,receivable,order_24e0dlkfx9s7je,"10,738.45",INV INV-24E0DLKF domestic sale
INV-4UAR4HQ3,2026-03-12,receivable,order_4uar4hq3hm5t04,"7,810.22",INV INV-4UAR4HQ3 domestic sale
INV-5N7EMGQ5,2026-03-12,receivable,order_5n7emgq582u5cr,"5,857.42",INV INV-5N7EMGQ5 domestic sale
INV-5O8SAZNF,2026-03-12,receivable,,"7,810.22",INV INV-5O8SAZNF domestic sale
INV-608GYNFE,2026-03-12,receivable,order_608gynfe3gztu4,"1,268.34",INV INV-608GYNFE domestic sale
INV-6PHW92TC,2026-03-12,receivable,order_6phw92tc2ac3fv,"1,463.62",INV INV-6PHW92TC domestic sale
INV-7YTZAS86,2026-03-12,receivable,,"7,810.22",INV INV-7YTZAS86 domestic sale
INV-8YKR1O16,2026-03-12,receivable,order_8ykr1o16bvuq2w,"2,440.02",INV INV-8YKR1O16 domestic sale
INV-9VJFSS1E,2026-03-12,receivable,,"3,416.42",INV INV-9VJFSS1E domestic sale
INV-9WDLERSL,2026-03-12,receivable,,"4,881.02",INV INV-9WDLERSL domestic sale
INV-A8E59T1A,2026-03-12,receivable,order_a8e59t1ah2zejc,"7,831.15",INV INV-A8E59T1A USD 96.00 @ 83.5462
INV-B1XICEFQ,2026-03-12,receivable,order_b1xicefqfanba3,780.14,INV INV-B1XICEFQ domestic sale
INV-BN4PCIIM,2026-03-12,receivable,order_bn4pciimlyzbf3,"3,393.71",INV INV-BN4PCIIM USD 42.00 @ 82.7557
INV-F8E8F2R2,2026-03-12,receivable,order_f8e8f2r2qj1mkw,"4,392.82",INV INV-F8E8F2R2 domestic sale
INV-FAHT4MNM,2026-03-12,receivable,order_faht4mnmy5f9ui,"4,392.82",INV INV-FAHT4MNM domestic sale
INV-G0A40KLD,2026-03-12,receivable,,"7,810.22",INV INV-G0A40KLD domestic sale
INV-GDI32ED3,2026-03-12,receivable,order_gdi32ed30nzhj2,975.42,INV INV-GDI32ED3 domestic sale
INV-IOZVTEAR,2026-03-12,receivable,order_iozvtear39f9k9,"4,881.02",INV INV-IOZVTEAR domestic sale
INV-JD4UL3PN,2026-03-12,receivable,order_jd4ul3pn0oakuy,"3,416.42",INV INV-JD4UL3PN domestic sale
INV-JZ6N0L9K,2026-03-12,receivable,order_jz6n0l9kbatwko,"8,297.45",INV INV-JZ6N0L9K domestic sale
INV-L868AJ6K,2026-03-12,receivable,,"9,763.02",INV INV-L868AJ6K domestic sale
INV-MOFXXQOI,2026-03-12,receivable,order_mofxxqoi2q3n0b,"3,220.17",INV INV-MOFXXQOI domestic sale
INV-MQ4FIWIQ,2026-03-12,receivable,,"2,439.05",INV INV-MQ4FIWIQ domestic sale
INV-N185LZ3F,2026-03-12,receivable,order_n185lz3f2a44q9,"65,684.57",INV INV-N185LZ3F domestic sale
INV-N4XRA1OI,2026-03-12,receivable,order_n4xra1oine428y,"2,928.22",INV INV-N4XRA1OI domestic sale
INV-NJV4JGQX,2026-03-12,receivable,order_njv4jgqxkytpzf,"3,904.14",INV INV-NJV4JGQX domestic sale
INV-NYGTJ6N8,2026-03-12,receivable,order_nygtj6n8umt7y3,"3,416.42",INV INV-NYGTJ6N8 domestic sale
INV-O0JFKV03,2026-03-12,receivable,,"10,250.25",INV INV-O0JFKV03 domestic sale
INV-O9FDR1YV,2026-03-12,receivable,order_o9fdr1yvjljfnz,"2,927.25",INV INV-O9FDR1YV domestic sale
INV-OZQHLMJ2,2026-03-12,receivable,order_ozqhlmj2dn0b8w,"6,345.14",INV INV-OZQHLMJ2 domestic sale
INV-Q9EKGG8Q,2026-03-12,receivable,order_q9ekgg8qn4ja8w,"1,463.62",INV INV-Q9EKGG8Q domestic sale
INV-QHXB3UA9,2026-03-12,receivable,,"5,857.42",INV INV-QHXB3UA9 domestic sale
INV-QJOK87F1,2026-03-12,receivable,order_qjok87f16y7j62,"1,951.82",INV INV-QJOK87F1 domestic sale
INV-RHKPU13X,2026-03-12,receivable,order_rhkpu13xbc4f1c,"2,440.02",INV INV-RHKPU13X domestic sale
INV-RRNDNL8W,2026-03-12,receivable,,730.84,INV INV-RRNDNL8W domestic sale
INV-T8JA8JUM,2026-03-12,receivable,order_t8ja8jumu785j3,"5,368.25",INV INV-T8JA8JUM domestic sale
INV-TEQI845Z,2026-03-12,receivable,order_teqi845zviyyh9,"3,806.50",INV INV-TEQI845Z domestic sale
INV-TEUWEMJT,2026-03-12,receivable,order_teuwemjtc9o7b1,975.42,INV INV-TEUWEMJT domestic sale
INV-TJZIMCN1,2026-03-12,receivable,,"4,392.82",INV INV-TJZIMCN1 domestic sale
INV-TNCSBPCD,2026-03-12,receivable,order_tncsbpcdp3eiw8,"2,440.02",INV INV-TNCSBPCD domestic sale
INV-TVQ0D1TW,2026-03-12,receivable,,"2,440.02",INV INV-TVQ0D1TW domestic sale
INV-W9PKRMW5,2026-03-12,receivable,,"2,928.22",INV INV-W9PKRMW5 domestic sale
INV-WOK7AY11,2026-03-12,receivable,,"1,463.62",INV INV-WOK7AY11 domestic sale
INV-X2ZVOBQE,2026-03-12,receivable,order_x2zvobqek1v64z,"86,402.87",INV INV-X2ZVOBQE domestic sale
INV-X71491JI,2026-03-12,receivable,order_x71491jioai57l,975.42,INV INV-X71491JI domestic sale
INV-XFAJNRIF,2026-03-12,receivable,order_xfajnrif3ds3mx,"5,857.42",INV INV-XFAJNRIF domestic sale
INV-XOIYLA41,2026-03-12,receivable,order_xoiyla415kjzf8,"4,881.02",INV INV-XOIYLA41 domestic sale
INV-YMCOBWMR,2026-03-12,receivable,,487.22,INV INV-YMCOBWMR domestic sale
INV-Z3811ATW,2026-03-12,receivable,,"3,903.65",INV INV-Z3811ATW domestic sale
INV-ZGQ6GMW9,2026-03-12,receivable,,"2,440.02",INV INV-ZGQ6GMW9 domestic sale
INV-ZPCJH3TL,2026-03-12,receivable,order_zpcjh3tlikkm22,"7,810.22",INV INV-ZPCJH3TL domestic sale
INV-ZQDMX39P,2026-03-12,receivable,order_zqdmx39p0jnatm,"1,268.34",INV INV-ZQDMX39P domestic sale
TDS-7H0PYAVR,2026-03-12,tds,,-7.99,Withholding accrual @ 1.00% on batch 0pyavr
TDS-9FPOQY04,2026-03-12,tds,,-54.99,Withholding accrual @ 1.00% on batch poqy04
TDS-9H6AY12W,2026-03-12,tds,,-14.99,Withholding accrual @ 1.00% on batch 6ay12w
TDS-C60O5TYB,2026-03-12,tds,,-57.49,Withholding accrual @ 1.00% on batch 0o5tyb
TDS-J50H5PDU,2026-03-12,tds,,-104.97,Withholding accrual @ 1.00% on batch 0h5pdu
TDS-O7DOB8SU,2026-03-12,tds,,-484.19,Withholding accrual @ 1.00% on batch dob8su
TDS-OIAZK3VN,2026-03-12,tds,,-186.43,Withholding accrual @ 1.00% on batch azk3vn
TDS-QXVWOSRX,2026-03-12,tds,,-73.97,Withholding accrual @ 1.00% on batch vwosrx
CRN-119FAKHR,2026-03-13,refund,,-624.75,Credit note against INV-1IG6C621
CRN-Q7MERY3H,2026-03-13,refund,,-249.75,Credit note against INV-DBIXQ53X
CRN-XIKUK4AS,2026-03-13,refund,,"-1,498.00",Credit note against INV-BZ8WTP1D
INV-0EBYC7YF,2026-03-13,receivable,order_0ebyc7yfocdm56,"3,660.04",INV INV-0EBYC7YF domestic sale
INV-30LQ7LMR,2026-03-13,receivable,,"2,243.77",INV INV-30LQ7LMR domestic sale
INV-3ERO3OEA,2026-03-13,receivable,,"2,440.02",INV INV-3ERO3OEA domestic sale
INV-3GCSGV1X,2026-03-13,receivable,order_3gcsgv1xawzmbm,"1,950.85",INV INV-3GCSGV1X domestic sale
INV-4VZLJVI2,2026-03-13,receivable,,"4,196.57",INV INV-4VZLJVI2 domestic sale
INV-5EJBYXMO,2026-03-13,receivable,order_5ejbyxmoxzi4mw,"2,928.22",INV INV-5EJBYXMO domestic sale
INV-6D0CXO5C,2026-03-13,receivable,order_6d0cxo5cuo78wi,"2,440.02",INV INV-6D0CXO5C domestic sale
INV-760EK1EG,2026-03-13,receivable,,487.22,INV INV-760EK1EG domestic sale
INV-8U7TDKB9,2026-03-13,receivable,order_8u7tdkb9yrc8pa,"1,951.82",INV INV-8U7TDKB9 domestic sale
INV-AGHN9CNS,2026-03-13,receivable,order_aghn9cnshmzy2z,"7,335.54",INV INV-AGHN9CNS USD 91.00 @ 82.5588
INV-AH53LC6P,2026-03-13,receivable,order_ah53lc6p7wfbaw,"5,856.94",INV INV-AH53LC6P domestic sale
INV-AJISSMR3,2026-03-13,receivable,order_ajissmr3mmlvb6,"1,951.82",INV INV-AJISSMR3 domestic sale
INV-BRFL07DM,2026-03-13,receivable,order_brfl07dms762f1,487.22,INV INV-BRFL07DM domestic sale
INV-DXFXYIRH,2026-03-13,receivable,order_dxfxyirh5wywc5,"7,810.22",INV INV-DXFXYIRH domestic sale
INV-FEZ6BISJ,2026-03-13,receivable,,"1,268.34",INV INV-FEZ6BISJ domestic sale
INV-FJMNE49Q,2026-03-13,receivable,order_fjmne49qrddmj3,780.14,INV INV-FJMNE49Q domestic sale
INV-FN8M4Z4P,2026-03-13,receivable,order_fn8m4z4p7kufnh,"8,053.84",INV INV-FN8M4Z4P domestic sale
INV-FSY4PHBV,2026-03-13,receivable,,"13,668.14",INV INV-FSY4PHBV domestic sale
INV-G7L45RFD,2026-03-13,receivable,,"5,857.42",INV INV-G7L45RFD domestic sale
INV-KZV38C3D,2026-03-13,receivable,,"7,321.54",INV INV-KZV38C3D domestic sale
INV-L8XYVHY8,2026-03-13,receivable,order_l8xyvhy8d4mhx4,"2,928.22",INV INV-L8XYVHY8 domestic sale
INV-M4911N0Y,2026-03-13,receivable,,487.22,INV INV-M4911N0Y domestic sale
INV-QU6CY1VR,2026-03-13,receivable,,"2,928.22",INV INV-QU6CY1VR domestic sale
INV-QW343OCM,2026-03-13,receivable,order_qw343ocmn2sxbe,"3,171.84",INV INV-QW343OCM domestic sale
INV-QXJEXXAP,2026-03-13,receivable,,"7,810.22",INV INV-QXJEXXAP domestic sale
INV-RD0H7DWX,2026-03-13,receivable,,"4,881.02",INV INV-RD0H7DWX domestic sale
INV-SHSAJDOB,2026-03-13,receivable,order_shsajdobakivt1,"1,966.91",INV INV-SHSAJDOB USD 24.00 @ 83.9357
INV-T2I64EAP,2026-03-13,receivable,,"10,250.74",INV INV-T2I64EAP domestic sale
INV-T4BH0O2B,2026-03-13,receivable,,"7,810.22",INV INV-T4BH0O2B domestic sale
INV-TH74EFXJ,2026-03-13,receivable,,"5,857.42",INV INV-TH74EFXJ domestic sale
INV-U96IHEV0,2026-03-13,receivable,order_u96ihev08yn9av,"4,392.82",INV INV-U96IHEV0 domestic sale
INV-UCGSH4EC,2026-03-13,receivable,order_ucgsh4ec906sow,"5,856.45",INV INV-UCGSH4EC domestic sale
INV-V98EZD5L,2026-03-13,receivable,order_v98ezd5lw6qlcy,"2,439.54",INV INV-V98EZD5L domestic sale
INV-XF4K2XV0,2026-03-13,receivable,,"1,463.62",INV INV-XF4K2XV0 domestic sale
INV-YX7QDA0Q,2026-03-13,receivable,order_yx7qda0q59jhua,"9,983.96",INV INV-YX7QDA0Q USD 124.00 @ 82.4620
TDS-0D22VKYB,2026-03-13,tds,,-77.49,Withholding accrual @ 1.00% on batch 22vkyb
TDS-BYQIURYO,2026-03-13,tds,,-236.46,Withholding accrual @ 1.00% on batch qiuryo
TDS-OELNE79V,2026-03-13,tds,,-161.45,Withholding accrual @ 1.00% on batch lne79v
TDS-SJI6LGGJ,2026-03-13,tds,,-4.99,Withholding accrual @ 1.00% on batch i6lggj
INV-08NMY7TX,2026-03-14,receivable,,"7,810.22",INV INV-08NMY7TX domestic sale
INV-2DVGZ22I,2026-03-14,receivable,order_2dvgz22idxuegu,"58,819.13",INV INV-2DVGZ22I domestic sale
INV-6HWQX6U2,2026-03-14,receivable,order_6hwqx6u2vkji8u,"9,763.02",INV INV-6HWQX6U2 domestic sale
INV-DVRE0FQC,2026-03-14,receivable,,"1,951.82",INV INV-DVRE0FQC domestic sale
INV-HVSX3GLK,2026-03-14,receivable,,"12,218.72",INV INV-HVSX3GLK USD 149.00 @ 83.9870
INV-IJ7ZPN0F,2026-03-14,receivable,,"3,416.42",INV INV-IJ7ZPN0F domestic sale
INV-JVDAYW8Q,2026-03-14,receivable,order_jvdayw8qd3u8mk,"3,416.42",INV INV-JVDAYW8Q domestic sale
INV-K48HFMQF,2026-03-14,receivable,order_k48hfmqf3ftjxe,"12,691.25",INV INV-K48HFMQF domestic sale
INV-LDRQ82E3,2026-03-14,receivable,order_ldrq82e3wdk2cz,"6,832.85",INV INV-LDRQ82E3 domestic sale
INV-M40M6V96,2026-03-14,receivable,order_m40m6v96cqa8ih,"4,880.54",INV INV-M40M6V96 domestic sale
INV-M5MX8P6T,2026-03-14,receivable,order_m5mx8p6tnqmpka,"1,463.62",INV INV-M5MX8P6T domestic sale
INV-W4HQZAOT,2026-03-14,receivable,,"12,203.05",INV INV-W4HQZAOT domestic sale
INV-ZGGFM0CT,2026-03-14,receivable,,"2,928.22",INV INV-ZGGFM0CT domestic sale
INV-ZZ5WS62A,2026-03-14,receivable,order_zz5ws62ajw48an,"11,959.44",INV INV-ZZ5WS62A domestic sale
INV-0MK23LJJ,2026-03-15,receivable,,"2,439.54",INV INV-0MK23LJJ domestic sale
INV-37IG97L7,2026-03-15,receivable,order_37ig97l7di5d5i,"8,200.30",INV INV-37IG97L7 domestic sale
INV-3MMR2CDJ,2026-03-15,receivable,,"7,810.22",INV INV-3MMR2CDJ domestic sale
INV-7FAP0T89,2026-03-15,receivable,order_7fap0t89yjoco1,"1,953.19",INV INV-7FAP0T89 USD 24.00 @ 83.3500
INV-AAZT7ODA,2026-03-15,receivable,,"8,785.65",INV INV-AAZT7ODA domestic sale
INV-ACIOSX7F,2026-03-15,receivable,,"4,392.82",INV INV-ACIOSX7F domestic sale
INV-AL1RCK80,2026-03-15,receivable,order_al1rck80lwr2zl,487.22,INV INV-AL1RCK80 domestic sale
INV-AMDMIVVH,2026-03-15,receivable,,"1,755.57",INV INV-AMDMIVVH domestic sale
INV-BDYODRN9,2026-03-15,receivable,,"8,542.04",INV INV-BDYODRN9 domestic sale
INV-E6CW8WUZ,2026-03-15,receivable,,"5,857.42",INV INV-E6CW8WUZ domestic sale
INV-EFI9M31L,2026-03-15,receivable,,"1,707.24",INV INV-EFI9M31L domestic sale
INV-HXIIO776,2026-03-15,receivable,,"62,384.32",INV INV-HXIIO776 domestic sale
INV-IGV3601G,2026-03-15,receivable,order_igv3601geywgla,975.42,INV INV-IGV3601G domestic sale
INV-K2MRZ0GD,2026-03-15,receivable,,"3,416.42",INV INV-K2MRZ0GD domestic sale
INV-P4B7OS8G,2026-03-15,receivable,order_p4b7os8gbcepwy,"5,857.42",INV INV-P4B7OS8G domestic sale
INV-RAI6QH36,2026-03-15,receivable,,"5,856.94",INV INV-RAI6QH36 domestic sale
INV-RSX3CKCH,2026-03-15,receivable,,"2,928.22",INV INV-RSX3CKCH domestic sale
INV-RT5CMYTR,2026-03-15,receivable,,"7,810.22",INV INV-RT5CMYTR domestic sale
INV-TPFRZ26S,2026-03-15,receivable,,"4,392.82",INV INV-TPFRZ26S domestic sale
INV-XHIIMOKA,2026-03-15,receivable,order_xhiimokap72o01,975.42,INV INV-XHIIMOKA domestic sale
INV-XWLV89PW,2026-03-15,receivable,,"4,636.44",INV INV-XWLV89PW domestic sale
INV-Y1QZC248,2026-03-15,receivable,,"2,440.02",INV INV-Y1QZC248 domestic sale
INV-YLCZLCB8,2026-03-15,receivable,order_ylczlcb8sfcupb,"13,179.45",INV INV-YLCZLCB8 domestic sale
CRN-CPZ9WIRJ,2026-03-16,refund,,-799.00,Credit note against INV-J8NCEQNG
CRN-GYLI8XN3,2026-03-16,refund,,"-33,212.10",Credit note against INV-3B8GVBNZ
CRN-RS214CZL,2026-03-16,refund,,"-4,499.00",Credit note against INV-WXIW4RU7
INV-08VC35ME,2026-03-16,receivable,order_08vc35megt5x7h,"7,809.25",INV INV-08VC35ME domestic sale
INV-1RZCS0KI,2026-03-16,receivable,order_1rzcs0kip90pi3,780.14,INV INV-1RZCS0KI domestic sale
INV-1XA7OW94,2026-03-16,receivable,order_1xa7ow94mjssev,"5,612.84",INV INV-1XA7OW94 domestic sale
INV-2GK9AVD1,2026-03-16,receivable,,"1,951.82",INV INV-2GK9AVD1 domestic sale
INV-4779CNQJ,2026-03-16,receivable,order_4779cnqj06es85,"3,415.94",INV INV-4779CNQJ domestic sale
INV-5FUM3T1G,2026-03-16,receivable,order_5fum3t1gxvq13e,"4,881.02",INV INV-5FUM3T1G domestic sale
INV-5HMIDLA2,2026-03-16,receivable,order_5hmidla2icc0hq,"2,928.22",INV INV-5HMIDLA2 domestic sale
INV-6T5YCMFK,2026-03-16,receivable,,"4,392.82",INV INV-6T5YCMFK domestic sale
INV-70SV48VB,2026-03-16,receivable,order_70sv48vb5fiesu,"72,912.22",INV INV-70SV48VB USD 888.00 @ 84.0930
INV-7MVRHK0O,2026-03-16,receivable,,"2,440.02",INV INV-7MVRHK0O domestic sale
INV-868SELGK,2026-03-16,receivable,,"1,951.82",INV INV-868SELGK domestic sale
INV-8OIVQPYD,2026-03-16,receivable,order_8oivqpydqhcub4,"2,440.02",INV INV-8OIVQPYD domestic sale
INV-BLI3O52X,2026-03-16,receivable,,"1,472.60",INV INV-BLI3O52X USD 18.00 @ 83.7887
INV-BMC3VIZ7,2026-03-16,receivable,order_bmc3viz75nanjz,"9,763.02",INV INV-BMC3VIZ7 domestic sale
INV-BPM9PV5P,2026-03-16,receivable,order_bpm9pv5pr5t5qu,"1,951.82",INV INV-BPM9PV5P domestic sale
INV-BUCZT73X,2026-03-16,receivable,,"8,785.65",INV INV-BUCZT73X domestic sale
INV-D7A5ELZ5,2026-03-16,receivable,order_d7a5elz5gbauu6,"1,950.85",INV INV-D7A5ELZ5 domestic sale
INV-ETE3AJZM,2026-03-16,receivable,order_ete3ajzmy7ogxk,"9,763.02",INV INV-ETE3AJZM domestic sale
INV-ETEON9NO,2026-03-16,receivable,order_eteon9noo7tawu,"1,463.62",INV INV-ETEON9NO domestic sale
INV-HC4UPNBA,2026-03-16,receivable,,"2,928.22",INV INV-HC4UPNBA domestic sale
INV-IDWGLT8A,2026-03-16,receivable,order_idwglt8a70j4wq,"3,416.42",INV INV-IDWGLT8A domestic sale
INV-IJG8RRRV,2026-03-16,receivable,order_ijg8rrrv2otmi2,"28,986.20",INV INV-IJG8RRRV domestic sale
INV-IQR6ZVGY,2026-03-16,receivable,order_iqr6zvgyryanlo,487.22,INV INV-IQR6ZVGY domestic sale
INV-JDS1FP9R,2026-03-16,receivable,order_jds1fp9rn46new,"2,928.22",INV INV-JDS1FP9R domestic sale
INV-JWE0EHKJ,2026-03-16,receivable,,"8,297.94",INV INV-JWE0EHKJ domestic sale
INV-KI12C2WL,2026-03-16,receivable,,"1,463.62",INV INV-KI12C2WL domestic sale
INV-MCYIBGBP,2026-03-16,receivable,,"5,856.45",INV INV-MCYIBGBP domestic sale
INV-MEUO6X1U,2026-03-16,receivable,,"5,857.42",INV INV-MEUO6X1U domestic sale
INV-MEYRVESQ,2026-03-16,receivable,order_meyrvesqurt9eb,"3,416.42",INV INV-MEYRVESQ domestic sale
INV-PPVEKV7V,2026-03-16,receivable,,"2,440.02",INV INV-PPVEKV7V domestic sale
INV-QM3RWFHC,2026-03-16,receivable,order_qm3rwfhcztf5jo,"2,451.75",INV INV-QM3RWFHC USD 30.00 @ 83.7006
INV-RH3B42HY,2026-03-16,receivable,,"2,928.22",INV INV-RH3B42HY domestic sale
INV-RTRZ365R,2026-03-16,receivable,,"2,731.97",INV INV-RTRZ365R domestic sale
INV-RY0DMKVO,2026-03-16,receivable,order_ry0dmkvoge32bv,780.14,INV INV-RY0DMKVO domestic sale
INV-TH2L0IUX,2026-03-16,receivable,,"1,13,639.96",INV INV-TH2L0IUX domestic sale
INV-TJS90Y4O,2026-03-16,receivable,order_tjs90y4ou4h4at,"1,268.34",INV INV-TJS90Y4O domestic sale
INV-UTY9XIIR,2026-03-16,receivable,,"1,463.62",INV INV-UTY9XIIR domestic sale
INV-WDU5HDXN,2026-03-16,receivable,order_wdu5hdxnfrt4fh,"7,810.22",INV INV-WDU5HDXN domestic sale
INV-WEF1C6A1,2026-03-16,receivable,order_wef1c6a1201h14,"5,857.42",INV INV-WEF1C6A1 domestic sale
INV-WGDWTTDG,2026-03-16,receivable,,487.22,INV INV-WGDWTTDG domestic sale
INV-XLDCW0ZI,2026-03-16,receivable,order_xldcw0ziot0h2t,974.94,INV INV-XLDCW0ZI domestic sale
INV-XMLF4X0G,2026-03-16,receivable,,"4,392.82",INV INV-XMLF4X0G domestic sale
INV-Y0IQ387F,2026-03-16,receivable,order_y0iq387fytogeq,"2,440.02",INV INV-Y0IQ387F domestic sale
INV-Z0O0E36O,2026-03-16,receivable,order_z0o0e36oxjpz6f,"1,951.82",INV INV-Z0O0E36O domestic sale
INV-ZHZQOU9V,2026-03-16,receivable,order_zhzqou9vhlfw6c,"1,463.62",INV INV-ZHZQOU9V domestic sale
TDS-V671R5KU,2026-03-16,tds,,-929.90,Withholding accrual @ 1.00% on batch 71r5ku
CRN-5LUBAZHF,2026-03-17,refund,,"-1,499.50",Credit note against INV-ZGGFM0CT
CRN-84O8C5FJ,2026-03-17,refund,,"-2,874.25",Credit note against INV-IESOQNFE
CRN-CH6AYKVG,2026-03-17,refund,,-699.50,Credit note against INV-RTRZ365R
CRN-F8QY08H8,2026-03-17,refund,,-324.75,Credit note against INV-FEZ6BISJ
CRN-FNLV719Y,2026-03-17,refund,,"-2,324.50",Credit note against INV-7KLC63BF
CRN-JVOSOZLB,2026-03-17,refund,,"-15,973.04",Credit note against INV-HXIIO776
CRN-O63PSL1E,2026-03-17,refund,,"-9,999.00",Credit note against INV-WN9R33VX
CRN-YGQJRNMM,2026-03-17,refund,,-124.75,Credit note against INV-LAL91FXD
INV-04YXCAIM,2026-03-17,receivable,order_04yxcaim2jbb9i,"10,738.94",INV INV-04YXCAIM domestic sale
INV-0E8GDA3I,2026-03-17,receivable,order_0e8gda3ial6z9q,"3,660.04",INV INV-0E8GDA3I domestic sale
INV-0YH6GQL2,2026-03-17,receivable,order_0yh6gql2j91bgo,"2,928.22",INV INV-0YH6GQL2 domestic sale
INV-1GDKOYQ0,2026-03-17,receivable,,"3,416.42",INV INV-1GDKOYQ0 domestic sale
INV-1VF5N89F,2026-03-17,receivable,,"4,392.82",INV INV-1VF5N89F domestic sale
INV-29SVI70N,2026-03-17,receivable,,"4,881.02",INV INV-29SVI70N domestic sale
INV-35QFY393,2026-03-17,receivable,order_35qfy393ig85yc,"2,440.02",INV INV-35QFY393 domestic sale
INV-36XYBX1X,2026-03-17,receivable,order_36xybx1xfnn5lb,975.42,INV INV-36XYBX1X domestic sale
INV-4YI6GR0V,2026-03-17,receivable,,"2,243.77",INV INV-4YI6GR0V domestic sale
INV-5A5FCYUT,2026-03-17,receivable,order_5a5fcyutknp6t5,"1,268.34",INV INV-5A5FCYUT domestic sale
INV-5OBIBRLF,2026-03-17,receivable,order_5obibrlfb1953m,487.22,INV INV-5OBIBRLF domestic sale
INV-7KG2YVNZ,2026-03-17,receivable,,"2,927.25",INV INV-7KG2YVNZ domestic sale
INV-7SNRS7CC,2026-03-17,receivable,order_7snrs7cccowpt2,"1,268.34",INV INV-7SNRS7CC domestic sale
INV-8138JBHG,2026-03-17,receivable,,"5,173.46",INV INV-8138JBHG domestic sale
INV-A4QUX4NP,2026-03-17,receivable,order_a4qux4np8cwwbv,975.42,INV INV-A4QUX4NP domestic sale
INV-BPWJGR6I,2026-03-17,receivable,order_bpwjgr6ijyiiih,"3,416.42",INV INV-BPWJGR6I domestic sale
INV-GHMUG0CY,2026-03-17,receivable,order_ghmug0cyt4besr,"5,368.25",INV INV-GHMUG0CY domestic sale
INV-GQT69ULI,2026-03-17,receivable,order_gqt69uliw0iy9o,975.42,INV INV-GQT69ULI domestic sale
INV-H92SLLBI,2026-03-17,receivable,order_h92sllbi4n48yk,"1,951.82",INV INV-H92SLLBI domestic sale
INV-HHSNEV5T,2026-03-17,receivable,order_hhsnev5tmribkn,"1,951.82",INV INV-HHSNEV5T domestic sale
INV-I4LCEGQ8,2026-03-17,receivable,,"4,881.02",INV INV-I4LCEGQ8 domestic sale
INV-I52OVUGB,2026-03-17,receivable,order_i52ovugbewf9zb,"6,101.04",INV INV-I52OVUGB domestic sale
INV-ILN96P3Y,2026-03-17,receivable,order_iln96p3yewv0uc,"1,951.82",INV INV-ILN96P3Y domestic sale
INV-IQT9MAN5,2026-03-17,receivable,,"11,265.71",INV INV-IQT9MAN5 USD 139.00 @ 83.0073
INV-JGRZS46B,2026-03-17,receivable,order_jgrzs46bzubazg,"2,440.02",INV INV-JGRZS46B domestic sale
INV-LD760PXN,2026-03-17,receivable,order_ld760pxnkptg9w,"5,857.42",INV INV-LD760PXN domestic sale
INV-LX3O1KDB,2026-03-17,receivable,order_lx3o1kdbq5hp1j,"3,074.20",INV INV-LX3O1KDB domestic sale
INV-P9NIJQK2,2026-03-17,receivable,order_p9nijqk2hrva8k,"2,440.02",INV INV-P9NIJQK2 domestic sale
INV-PW7FOAKN,2026-03-17,receivable,,"19,526.05",INV INV-PW7FOAKN domestic sale
INV-PZOCYV9X,2026-03-17,receivable,order_pzocyv9xf1tcq6,487.22,INV INV-PZOCYV9X domestic sale
INV-Q16PZF8C,2026-03-17,receivable,order_q16pzf8cxndeof,780.14,INV INV-Q16PZF8C domestic sale
INV-Q8YPE9BP,2026-03-17,receivable,order_q8ype9bpl0nbob,"2,440.02",INV INV-Q8YPE9BP domestic sale
INV-RA8KT8HC,2026-03-17,receivable,order_ra8kt8hchf4sbj,"2,928.22",INV INV-RA8KT8HC domestic sale
INV-S7GHXIDS,2026-03-17,receivable,order_s7ghxids0k1f7s,"3,220.17",INV INV-S7GHXIDS domestic sale
INV-SLV3QWKJ,2026-03-17,receivable,order_slv3qwkjsti1rm,"32,445.88",INV INV-SLV3QWKJ domestic sale
INV-SOACI5GK,2026-03-17,receivable,order_soaci5gkuzxlma,"2,439.54",INV INV-SOACI5GK domestic sale
INV-TGQ00HIM,2026-03-17,receivable,,"1,951.82",INV INV-TGQ00HIM domestic sale
INV-U39IMQFA,2026-03-17,receivable,,"4,148.24",INV INV-U39IMQFA domestic sale
INV-V4LDSBRR,2026-03-17,receivable,,"1,951.82",INV INV-V4LDSBRR domestic sale
INV-VD9NHBP5,2026-03-17,receivable,order_vd9nhbp5b13b82,"11,226.65",INV INV-VD9NHBP5 domestic sale
INV-XQ7TFHBD,2026-03-17,receivable,order_xq7tfhbd974l98,"2,830.10",INV INV-XQ7TFHBD domestic sale
INV-XSGZEL4U,2026-03-17,receivable,order_xsgzel4uszrnta,"10,738.94",INV INV-XSGZEL4U domestic sale
INV-XVIYV8SM,2026-03-17,receivable,,"3,415.94",INV INV-XVIYV8SM domestic sale
INV-XXQT47UT,2026-03-17,receivable,,"4,392.82",INV INV-XXQT47UT domestic sale
INV-Y4QS7VGC,2026-03-17,receivable,order_y4qs7vgccldxpl,"10,250.25",INV INV-Y4QS7VGC domestic sale
INV-Z9K8ILLO,2026-03-17,receivable,order_z9k8illozu7mfe,780.14,INV INV-Z9K8ILLO domestic sale
INV-ZEQZSLXQ,2026-03-17,receivable,order_zeqzslxqb00ecf,"1,463.62",INV INV-ZEQZSLXQ domestic sale
TDS-ZFE5CHK2,2026-03-17,tds,,-144.97,Withholding accrual @ 1.00% on batch e5chk2
CRN-EXE67U29,2026-03-18,refund,,-499.00,Credit note against INV-IQR6ZVGY
CRN-H3GB1BHU,2026-03-18,refund,,"-2,499.00",Credit note against INV-Q8YPE9BP
CRN-WG33G76X,2026-03-18,refund,,"-1,749.50",Credit note against INV-79RHK2YC
INV-0KZHVVP5,2026-03-18,receivable,order_0kzhvvp50g3k49,"4,378.06",INV INV-0KZHVVP5 USD 54.00 @ 83.0349
INV-17HO1U7P,2026-03-18,receivable,,"6,344.65",INV INV-17HO1U7P domestic sale
INV-27VVPLNA,2026-03-18,receivable,,"2,927.25",INV INV-27VVPLNA domestic sale
INV-2YEJLMRK,2026-03-18,receivable,order_2yejlmrk90nz7f,"2,928.22",INV INV-2YEJLMRK domestic sale
INV-31Q5O8RE,2026-03-18,receivable,order_31q5o8re0fyb9t,"3,393.88",INV INV-31Q5O8RE USD 42.00 @ 82.7599
INV-4NCXISRB,2026-03-18,receivable,order_4ncxisrbmdmrs5,"3,416.42",INV INV-4NCXISRB domestic sale
INV-53W67TZB,2026-03-18,receivable,,"7,810.22",INV INV-53W67TZB domestic sale
INV-6AG6O5K8,2026-03-18,receivable,order_6ag6o5k8eufjmx,"2,440.02",INV INV-6AG6O5K8 domestic sale
INV-738E4GZ2,2026-03-18,receivable,order_738e4gz2jhrl5j,"1,268.34",INV INV-738E4GZ2 domestic sale
INV-8MWTJ2AI,2026-03-18,receivable,order_8mwtj2ail5sbkv,"5,856.94",INV INV-8MWTJ2AI domestic sale
INV-8SWTRMLL,2026-03-18,receivable,,"14,644.05",INV INV-8SWTRMLL domestic sale
INV-942YPFDM,2026-03-18,receivable,,"2,440.02",INV INV-942YPFDM domestic sale
INV-99AXEHER,2026-03-18,receivable,order_99axeher98n6yc,"2,000.16",INV INV-99AXEHER domestic sale
INV-9PDCCP5U,2026-03-18,receivable,,"3,415.94",INV INV-9PDCCP5U domestic sale
INV-AUCDLCQV,2026-03-18,receivable,,"7,321.05",INV INV-AUCDLCQV domestic sale
INV-B2YL7R1D,2026-03-18,receivable,,"91,345.75",INV INV-B2YL7R1D domestic sale
INV-CRVNO799,2026-03-18,receivable,order_crvno799glj6wu,"1,707.24",INV INV-CRVNO799 domestic sale
INV-DBZVXSBQ,2026-03-18,receivable,order_dbzvxsbq4vbe6t,"1,951.82",INV INV-DBZVXSBQ domestic sale
INV-DXAV2QT6,2026-03-18,receivable,order_dxav2qt6g1tod0,"7,809.25",INV INV-DXAV2QT6 domestic sale
INV-E1YZRBPM,2026-03-18,receivable,order_e1yzrbpmoah4xb,"3,415.45",INV INV-E1YZRBPM domestic sale
INV-EEYDVBD5,2026-03-18,receivable,,"8,297.45",INV INV-EEYDVBD5 domestic sale
INV-ETJ0NIB9,2026-03-18,receivable,order_etj0nib9ej7bop,"8,297.94",INV INV-ETJ0NIB9 domestic sale
INV-ETMZBYN7,2026-03-18,receivable,,487.22,INV INV-ETMZBYN7 domestic sale
INV-F0AWFY3C,2026-03-18,receivable,order_f0awfy3ccmmv5f,"9,763.02",INV INV-F0AWFY3C domestic sale
INV-FMJCWGS7,2026-03-18,receivable,order_fmjcwgs7kpmckq,"1,268.34",INV INV-FMJCWGS7 domestic sale
INV-G71UAKPD,2026-03-18,receivable,order_g71uakpdqqhs85,"2,440.02",INV INV-G71UAKPD domestic sale
INV-G7WTHQYJ,2026-03-18,receivable,,780.14,INV INV-G7WTHQYJ domestic sale
INV-H5MMWUKD,2026-03-18,receivable,order_h5mmwukd8nextl,780.14,INV INV-H5MMWUKD domestic sale
INV-I8EUPGO2,2026-03-18,receivable,,"11,426.67",INV INV-I8EUPGO2 USD 142.00 @ 82.4146
INV-IV1RLTYG,2026-03-18,receivable,,"6,345.14",INV INV-IV1RLTYG domestic sale
INV-IY8PW3AI,2026-03-18,receivable,order_iy8pw3aii017n5,"6,832.85",INV INV-IY8PW3AI domestic sale
INV-KU3VXL4W,2026-03-18,receivable,order_ku3vxl4wvkulo7,"3,660.04",INV INV-KU3VXL4W domestic sale
INV-KYFSE5H7,2026-03-18,receivable,order_kyfse5h778kyc8,"2,928.22",INV INV-KYFSE5H7 domestic sale
INV-L6ZPFBE4,2026-03-18,receivable,order_l6zpfbe4xfwcsm,"3,903.65",INV INV-L6ZPFBE4 domestic sale
INV-MU5CASE8,2026-03-18,receivable,,"1,268.34",INV INV-MU5CASE8 domestic sale
INV-OP1MZTH5,2026-03-18,receivable,order_op1mzth5d3gah1,"1,463.62",INV INV-OP1MZTH5 domestic sale
INV-PWNTCPSA,2026-03-18,receivable,,"4,881.02",INV INV-PWNTCPSA domestic sale
INV-Q8E63NXK,2026-03-18,receivable,order_q8e63nxkzkm24e,"5,857.42",INV INV-Q8E63NXK domestic sale
INV-QB9LV2IN,2026-03-18,receivable,order_qb9lv2inur52om,487.22,INV INV-QB9LV2IN domestic sale
INV-QGBUOYLK,2026-03-18,receivable,order_qgbuoylkw6q1as,"7,777.33",INV INV-QGBUOYLK USD 95.00 @ 83.8455
INV-RMC2HFE2,2026-03-18,receivable,,487.22,INV INV-RMC2HFE2 domestic sale
INV-RUBVUXY1,2026-03-18,receivable,,780.14,INV INV-RUBVUXY1 domestic sale
INV-SSBC8RQP,2026-03-18,receivable,,"8,785.65",INV INV-SSBC8RQP domestic sale
INV-T58LHIH5,2026-03-18,receivable,order_t58lhih50f994a,"7,809.74",INV INV-T58LHIH5 domestic sale
INV-T95ZJNG1,2026-03-18,receivable,order_t95zjng1t2li39,"5,857.42",INV INV-T95ZJNG1 domestic sale
INV-TP6QBIDQ,2026-03-18,receivable,order_tp6qbidqwmgz6v,"3,904.14",INV INV-TP6QBIDQ domestic sale
INV-UOBJXA8K,2026-03-18,receivable,order_uobjxa8km8ferl,"7,810.22",INV INV-UOBJXA8K domestic sale
INV-V60NN47N,2026-03-18,receivable,order_v60nn47n72zmjk,"5,857.42",INV INV-V60NN47N domestic sale
INV-VOSVI592,2026-03-18,receivable,order_vosvi5928l9cre,"4,392.34",INV INV-VOSVI592 domestic sale
INV-Y2CPDIR0,2026-03-18,receivable,order_y2cpdir0ghzkj3,"7,810.22",INV INV-Y2CPDIR0 domestic sale
INV-Y4K0PBTX,2026-03-18,receivable,,487.22,INV INV-Y4K0PBTX domestic sale
TDS-DM79JYM9,2026-03-18,tds,,-14.99,Withholding accrual @ 1.00% on batch 79jym9
INV-01P13Y38,2026-03-19,receivable,order_01p13y38b7q10d,"6,344.65",INV INV-01P13Y38 domestic sale
INV-0WNY1YH8,2026-03-19,receivable,,"3,416.42",INV INV-0WNY1YH8 domestic sale
INV-1UPRK2GG,2026-03-19,receivable,order_1uprk2ggb6lk3l,"10,250.25",INV INV-1UPRK2GG domestic sale
INV-5SFT938K,2026-03-19,receivable,order_5sft938kch78hq,"5,368.25",INV INV-5SFT938K domestic sale
INV-6BVPZPDS,2026-03-19,receivable,,"4,881.02",INV INV-6BVPZPDS domestic sale
INV-7QQCF3ZU,2026-03-19,receivable,order_7qqcf3zutm29dj,"5,124.64",INV INV-7QQCF3ZU domestic sale
INV-9JO2J14F,2026-03-19,receivable,,"9,273.85",INV INV-9JO2J14F domestic sale
INV-AEVFHXDV,2026-03-19,receivable,,"3,904.14",INV INV-AEVFHXDV domestic sale
INV-AHM5D58P,2026-03-19,receivable,,"2,928.22",INV INV-AHM5D58P domestic sale
INV-ANYK8U1G,2026-03-19,receivable,order_anyk8u1g4meqgq,"7,565.64",INV INV-ANYK8U1G domestic sale
INV-AWASO5TF,2026-03-19,receivable,,"4,881.02",INV INV-AWASO5TF domestic sale
INV-BUW3Z68R,2026-03-19,receivable,order_buw3z68rrfkucy,"9,763.02",INV INV-BUW3Z68R domestic sale
INV-C92CGXGP,2026-03-19,receivable,order_c92cgxgpfdrt4a,"8,297.45",INV INV-C92CGXGP domestic sale
INV-DCREWI7X,2026-03-19,receivable,order_dcrewi7xb4yhny,487.22,INV INV-DCREWI7X domestic sale
INV-G3025QP2,2026-03-19,receivable,,"1,04,514.36",INV INV-G3025QP2 domestic sale
INV-GLDYLKK7,2026-03-19,receivable,,"8,571.57",INV INV-GLDYLKK7 USD 106.00 @ 82.8184
INV-H0CKQK2Z,2026-03-19,receivable,,"7,810.22",INV INV-H0CKQK2Z domestic sale
INV-HJ4JGA7I,2026-03-19,receivable,order_hj4jga7ii5o15e,"17,573.25",INV INV-HJ4JGA7I domestic sale
INV-I5MPLWQF,2026-03-19,receivable,order_i5mplwqfvekp41,"7,810.22",INV INV-I5MPLWQF domestic sale
INV-I8GH9EBO,2026-03-19,receivable,order_i8gh9eboux56a2,"10,397.20",INV INV-I8GH9EBO domestic sale
INV-II8ZLARY,2026-03-19,receivable,,"4,880.05",INV INV-II8ZLARY domestic sale
INV-IW1NQXIW,2026-03-19,receivable,,"26,042.10",INV INV-IW1NQXIW domestic sale
INV-MJNYI8CK,2026-03-19,receivable,order_mjnyi8ck0xlkzn,"6,589.24",INV INV-MJNYI8CK domestic sale
INV-NHM34NI9,2026-03-19,receivable,,"1,951.82",INV INV-NHM34NI9 domestic sale
INV-P2IYJR2Q,2026-03-19,receivable,order_p2iyjr2qhkhdjr,"1,268.34",INV INV-P2IYJR2Q domestic sale
INV-PF8FAO3C,2026-03-19,receivable,order_pf8fao3csey95u,487.22,INV INV-PF8FAO3C domestic sale
INV-QS3EAI5C,2026-03-19,receivable,,"9,763.02",INV INV-QS3EAI5C domestic sale
INV-RX20F9AH,2026-03-19,receivable,,"4,050.60",INV INV-RX20F9AH domestic sale
INV-SA19PVD2,2026-03-19,receivable,,"1,463.62",INV INV-SA19PVD2 domestic sale
INV-SMNL3KLI,2026-03-19,receivable,order_smnl3kli6svvip,"4,881.02",INV INV-SMNL3KLI domestic sale
INV-SUUOTACP,2026-03-19,receivable,order_suuotacpi1i3id,"1,755.57",INV INV-SUUOTACP domestic sale
INV-T48C848I,2026-03-19,receivable,order_t48c848iczaj8h,"5,857.42",INV INV-T48C848I domestic sale
INV-VQV552KR,2026-03-19,receivable,order_vqv552kre4zo4y,"7,809.25",INV INV-VQV552KR domestic sale
INV-VR1UEPPP,2026-03-19,receivable,,"4,881.02",INV INV-VR1UEPPP domestic sale
INV-W33QKTE4,2026-03-19,receivable,order_w33qkte4m4jnjp,"9,763.02",INV INV-W33QKTE4 domestic sale
INV-X8BW0CT3,2026-03-19,receivable,,"8,786.14",INV INV-X8BW0CT3 domestic sale
INV-Z7UMJIDK,2026-03-19,receivable,order_z7umjidkl3assf,"3,220.17",INV INV-Z7UMJIDK domestic sale
INV-ZD9DPH9Q,2026-03-19,receivable,,"5,857.42",INV INV-ZD9DPH9Q domestic sale
TDS-0A378JCO,2026-03-19,tds,,-53.98,Withholding accrual @ 1.00% on batch 378jco
TDS-68D1CXOH,2026-03-19,tds,,-29.99,Withholding accrual @ 1.00% on batch d1cxoh
TDS-L09O7L0L,2026-03-19,tds,,-12.99,Withholding accrual @ 1.00% on batch 9o7l0l
CRN-3CRYXZTB,2026-03-20,refund,,"-1,299.00",Credit note against INV-608GYNFE
CRN-4PSQJ3RT,2026-03-20,refund,,"-3,499.00",Credit note against INV-B78A5DWG
CRN-91M60KSH,2026-03-20,refund,,-499.00,Credit note against INV-ZVM7JQEU
CRN-ASU3N6M5,2026-03-20,refund,,"-6,498.00",Credit note against INV-01P13Y38
CRN-E2CHX66W,2026-03-20,refund,,"-5,499.25",Credit note against INV-04YXCAIM
INV-19X0EXK7,2026-03-20,receivable,,"1,951.82",INV INV-19X0EXK7 domestic sale
INV-1SL91Y4Z,2026-03-20,receivable,order_1sl91y4zn86yps,"10,700.92",INV INV-1SL91Y4Z USD 131.00 @ 83.6608
INV-3DVGDSYJ,2026-03-20,receivable,order_3dvgdsyjmn8qdj,780.14,INV INV-3DVGDSYJ domestic sale
INV-3JCASU19,2026-03-20,receivable,order_3jcasu19f6zrfq,"9,078.57",INV INV-3JCASU19 domestic sale
INV-3Q8I2N54,2026-03-20,receivable,,"7,810.22",INV INV-3Q8I2N54 domestic sale
INV-3RL9F80G,2026-03-20,receivable,order_3rl9f80g5bz817,"3,416.42",INV INV-3RL9F80G domestic sale
INV-4DQIP96A,2026-03-20,receivable,order_4dqip96ailoxpm,"4,148.24",INV INV-4DQIP96A domestic sale
INV-4KFEL3GU,2026-03-20,receivable,,487.22,INV INV-4KFEL3GU domestic sale
INV-5VZ9YBL1,2026-03-20,receivable,,"4,392.34",INV INV-5VZ9YBL1 domestic sale
INV-6QLPSGXO,2026-03-20,receivable,,"4,881.02",INV INV-6QLPSGXO domestic sale
INV-7EZ56VVR,2026-03-20,receivable,order_7ez56vvriwdoqe,975.42,INV INV-7EZ56VVR domestic sale
INV-7GJSCKTR,2026-03-20,receivable,,"1,756.06",INV INV-7GJSCKTR domestic sale
INV-8YZ74LG6,2026-03-20,receivable,,"4,392.82",INV INV-8YZ74LG6 domestic sale
INV-AFO9SO7V,2026-03-20,receivable,,"3,171.84",INV INV-AFO9SO7V domestic sale
INV-APBIZM8D,2026-03-20,receivable,,"2,439.05",INV INV-APBIZM8D domestic sale
INV-CKKPSEYB,2026-03-20,receivable,order_ckkpseybjval30,975.42,INV INV-CKKPSEYB domestic sale
INV-CKVU4GQ2,2026-03-20,receivable,order_ckvu4gq2hotvy9,"9,691.61",INV INV-CKVU4GQ2 domestic sale
INV-DLZ7XX72,2026-03-20,receivable,,487.22,INV INV-DLZ7XX72 domestic sale
INV-DO3876AZ,2026-03-20,receivable,order_do3876az5usn3h,"10,250.25",INV INV-DO3876AZ domestic sale
INV-E20ZU84J,2026-03-20,receivable,,"2,928.22",INV INV-E20ZU84J domestic sale
INV-E8N0E2JN,2026-03-20,receivable,,730.84,INV INV-E8N0E2JN domestic sale
INV-EE1C9KV4,2026-03-20,receivable,,487.22,INV INV-EE1C9KV4 domestic sale
INV-ESS48W8S,2026-03-20,receivable,,"2,440.02",INV INV-ESS48W8S domestic sale
INV-EVUZ0B6C,2026-03-20,receivable,order_evuz0b6cd88sai,"7,810.22",INV INV-EVUZ0B6C domestic sale
INV-G0B3JX9V,2026-03-20,receivable,order_g0b3jx9vxlabfw,"1,951.82",INV INV-G0B3JX9V domestic sale
INV-GOVPADZE,2026-03-20,receivable,order_govpadzej355ga,"7,810.22",INV INV-GOVPADZE domestic sale
INV-HWL1U3D4,2026-03-20,receivable,order_hwl1u3d4swizoz,"2,927.25",INV INV-HWL1U3D4 domestic sale
INV-IWMLUH2H,2026-03-20,receivable,order_iwmluh2h43tb2b,"9,518.44",INV INV-IWMLUH2H domestic sale
INV-JJPSRDE8,2026-03-20,receivable,,"7,321.54",INV INV-JJPSRDE8 domestic sale
INV-KE69W3PJ,2026-03-20,receivable,order_ke69w3pjsat2l7,"1,756.06",INV INV-KE69W3PJ domestic sale
INV-L49G28Y6,2026-03-20,receivable,,780.14,INV INV-L49G28Y6 domestic sale
INV-LKDBGBAL,2026-03-20,receivable,,487.22,INV INV-LKDBGBAL domestic sale
INV-MI3NZTIK,2026-03-20,receivable,order_mi3nztiky57fjd,780.14,INV INV-MI3NZTIK domestic sale
INV-MRH41YYZ,2026-03-20,receivable,order_mrh41yyzgw9j48,"1,951.82",INV INV-MRH41YYZ domestic sale
INV-MW7OPKTX,2026-03-20,receivable,order_mw7opktx08fn42,487.22,INV INV-MW7OPKTX domestic sale
INV-NDCSUQ9O,2026-03-20,receivable,order_ndcsuq9ompg7vt,"4,881.02",INV INV-NDCSUQ9O domestic sale
INV-NJ3XK0G2,2026-03-20,receivable,order_nj3xk0g2v1w9zq,"5,857.42",INV INV-NJ3XK0G2 domestic sale
INV-OD8LWSA0,2026-03-20,receivable,order_od8lwsa075inwv,"7,321.54",INV INV-OD8LWSA0 domestic sale
INV-OEK69N1K,2026-03-20,receivable,,"7,810.22",INV INV-OEK69N1K domestic sale
INV-QBIMXGRJ,2026-03-20,receivable,order_qbimxgrjuys1wd,"1,463.62",INV INV-QBIMXGRJ domestic sale
INV-SES7RQMW,2026-03-20,receivable,order_ses7rqmw8vmytv,"2,731.97",INV INV-SES7RQMW domestic sale
INV-SR4JKOXF,2026-03-20,receivable,order_sr4jkoxf9s0oan,"7,321.05",INV INV-SR4JKOXF domestic sale
INV-T2W5GPGL,2026-03-20,receivable,order_t2w5gpglarrqfb,"1,268.34",INV INV-T2W5GPGL domestic sale
INV-U1WANEYN,2026-03-20,receivable,,"2,440.02",INV INV-U1WANEYN domestic sale
INV-UHB44VH4,2026-03-20,receivable,,"4,880.54",INV INV-UHB44VH4 domestic sale
INV-UUUALQT6,2026-03-20,receivable,,"1,463.62",INV INV-UUUALQT6 domestic sale
INV-UUY4B45Z,2026-03-20,receivable,,974.94,INV INV-UUY4B45Z domestic sale
INV-V2C7RA9O,2026-03-20,receivable,,975.42,INV INV-V2C7RA9O domestic sale
INV-VFGCZ8OM,2026-03-20,receivable,order_vfgcz8ompmyof5,"1,463.62",INV INV-VFGCZ8OM domestic sale
INV-VHCHHAA3,2026-03-20,receivable,,"3,904.14",INV INV-VHCHHAA3 domestic sale
INV-YSOZX70N,2026-03-20,receivable,,"11,226.65",INV INV-YSOZX70N domestic sale
TDS-9OQOUKSU,2026-03-20,tds,,-940.53,Withholding accrual @ 1.00% on batch qouksu
INV-03R4GMS0,2026-03-21,receivable,,"5,857.42",INV INV-03R4GMS0 domestic sale
INV-1804Z8Q1,2026-03-21,receivable,,"5,857.42",INV INV-1804Z8Q1 domestic sale
INV-3TKGOPPJ,2026-03-21,receivable,order_3tkgoppjrudxzh,"1,951.82",INV INV-3TKGOPPJ domestic sale
INV-700NS52J,2026-03-21,receivable,order_700ns52j04ygwu,"1,951.82",INV INV-700NS52J domestic sale
INV-8DJB2JEP,2026-03-21,receivable,order_8djb2jep63jf7u,780.14,INV INV-8DJB2JEP domestic sale
INV-A09WNL38,2026-03-21,receivable,order_a09wnl38nh9ppl,"1,463.62",INV INV-A09WNL38 domestic sale
INV-BN1ELKD8,2026-03-21,receivable,,780.14,INV INV-BN1ELKD8 domestic sale
INV-F1ZU08IY,2026-03-21,receivable,order_f1zu08iy3j6l8u,"4,392.82",INV INV-F1ZU08IY domestic sale
INV-FCSVYGU8,2026-03-21,receivable,,"2,927.74",INV INV-FCSVYGU8 domestic sale
INV-GDJ8LKSB,2026-03-21,receivable,,"3,416.42",INV INV-GDJ8LKSB domestic sale
INV-H4N4IXVU,2026-03-21,receivable,order_h4n4ixvukj7a4n,"3,416.42",INV INV-H4N4IXVU domestic sale
INV-I3K1GT6X,2026-03-21,receivable,order_i3k1gt6xszupv3,"4,881.02",INV INV-I3K1GT6X domestic sale
INV-IPQS02ZP,2026-03-21,receivable,,"1,951.82",INV INV-IPQS02ZP domestic sale
INV-KEWQNRZ5,2026-03-21,receivable,order_kewqnrz5ttk3bj,"5,856.45",INV INV-KEWQNRZ5 domestic sale
INV-NTYLNZRP,2026-03-21,receivable,order_ntylnzrpueqkgs,"4,392.82",INV INV-NTYLNZRP domestic sale
INV-QVH4PSRA,2026-03-21,receivable,order_qvh4psra556uol,"4,392.82",INV INV-QVH4PSRA domestic sale
INV-TZUNTJJU,2026-03-21,receivable,,"10,250.74",INV INV-TZUNTJJU domestic sale
INV-WCSY9Z68,2026-03-21,receivable,order_wcsy9z68n1vn4y,"1,951.82",INV INV-WCSY9Z68 domestic sale
INV-WGVW431V,2026-03-21,receivable,order_wgvw431vb6xvnd,"1,951.82",INV INV-WGVW431V domestic sale
INV-WL1UYE3R,2026-03-21,receivable,order_wl1uye3rzi3xo2,"1,463.62",INV INV-WL1UYE3R domestic sale
INV-WQMAHGDB,2026-03-21,receivable,,"5,857.42",INV INV-WQMAHGDB domestic sale
INV-0U7DOIXB,2026-03-22,receivable,order_0u7doixb5rl9di,"2,440.02",INV INV-0U7DOIXB domestic sale
INV-3A3K8LFY,2026-03-22,receivable,,"5,124.64",INV INV-3A3K8LFY domestic sale
INV-4HERJUQ0,2026-03-22,receivable,order_4herjuq07n0zf1,"27,742.43",INV INV-4HERJUQ0 domestic sale
INV-8JEXB592,2026-03-22,receivable,,"1,268.34",INV INV-8JEXB592 domestic sale
INV-BI7HY7W7,2026-03-22,receivable,order_bi7hy7w7jfa1d9,"1,268.34",INV INV-BI7HY7W7 domestic sale
INV-DUS1YABN,2026-03-22,receivable,order_dus1yabnmnj8wx,487.22,INV INV-DUS1YABN domestic sale
INV-JJPSQDAM,2026-03-22,receivable,order_jjpsqdamz0ijsg,"30,130.87",INV INV-JJPSQDAM domestic sale
INV-LF3OMQ06,2026-03-22,receivable,order_lf3omq0661gnah,"3,416.42",INV INV-LF3OMQ06 domestic sale
INV-PXYKY6QO,2026-03-22,receivable,,"1,755.57",INV INV-PXYKY6QO domestic sale
INV-U6TBNSE8,2026-03-22,receivable,,"4,881.02",INV INV-U6TBNSE8 domestic sale
INV-X1I29FIC,2026-03-22,receivable,order_x1i29fic40h4b9,"3,220.17",INV INV-X1I29FIC domestic sale
INV-Z26A45TQ,2026-03-22,receivable,order_z26a45tqkluj8t,"4,636.44",INV INV-Z26A45TQ domestic sale
CRN-9PNAJOGM,2026-03-23,refund,,-399.50,Credit note against INV-Q16PZF8C
CRN-KQL5136O,2026-03-23,refund,,"-13,998.00",Credit note against INV-MI0WOALZ
INV-032VP325,2026-03-23,receivable,,"7,831.42",INV INV-032VP325 USD 97.00 @ 82.6876
INV-07HA76DQ,2026-03-23,receivable,,"3,416.42",INV INV-07HA76DQ domestic sale
INV-1J44MVU9,2026-03-23,receivable,order_1j44mvu9c1nhgn,"9,762.05",INV INV-1J44MVU9 domestic sale
INV-6EKSM1QO,2026-03-23,receivable,order_6eksm1qooxxom6,"26,085.90",INV INV-6EKSM1QO domestic sale
INV-6J3FS7HJ,2026-03-23,receivable,order_6j3fs7hjslbgf7,"2,244.26",INV INV-6J3FS7HJ domestic sale
INV-71TMDFMR,2026-03-23,receivable,,"4,881.02",INV INV-71TMDFMR domestic sale
INV-7QS2H0M3,2026-03-23,receivable,,975.42,INV INV-7QS2H0M3 domestic sale
INV-84X6LN5P,2026-03-23,receivable,,"9,763.02",INV INV-84X6LN5P domestic sale
INV-9NMJI55U,2026-03-23,receivable,,"1,463.62",INV INV-9NMJI55U domestic sale
INV-A0Q14KVP,2026-03-23,receivable,order_a0q14kvpvyar6m,"5,857.42",INV INV-A0Q14KVP domestic sale
INV-A12XOO7P,2026-03-23,receivable,order_a12xoo7pfedun1,"2,683.64",INV INV-A12XOO7P domestic sale
INV-AA06MDD3,2026-03-23,receivable,order_aa06mdd3tcn0dj,"10,250.25",INV INV-AA06MDD3 domestic sale
INV-CA456C1G,2026-03-23,receivable,order_ca456c1gmh433n,"4,392.82",INV INV-CA456C1G domestic sale
INV-DHAJW6DJ,2026-03-23,receivable,order_dhajw6dj6vocch,"1,268.34",INV INV-DHAJW6DJ domestic sale
INV-E5RQYT9E,2026-03-23,receivable,,"7,810.22",INV INV-E5RQYT9E domestic sale
INV-FDI45VLL,2026-03-23,receivable,,"2,731.97",INV INV-FDI45VLL domestic sale
INV-FRXDRGVM,2026-03-23,receivable,,"8,297.45",INV INV-FRXDRGVM domestic sale
INV-G1YBQ7SD,2026-03-23,receivable,order_g1ybq7sdccl1v6,"1,463.62",INV INV-G1YBQ7SD domestic sale
INV-GAWC649E,2026-03-23,receivable,order_gawc649epczedh,"7,810.22",INV INV-GAWC649E domestic sale
INV-GFOAMSJS,2026-03-23,receivable,,"1,951.82",INV INV-GFOAMSJS domestic sale
INV-GJTLNRFT,2026-03-23,receivable,order_gjtlnrftapvsas,"2,440.02",INV INV-GJTLNRFT domestic sale
INV-GTBOH4TR,2026-03-23,receivable,order_gtboh4trqa48au,"1,951.34",INV INV-GTBOH4TR domestic sale
INV-GWNFZA5H,2026-03-23,receivable,,"1,463.62",INV INV-GWNFZA5H domestic sale
INV-IG2CKRMQ,2026-03-23,receivable,,"9,979.09",INV INV-IG2CKRMQ USD 124.00 @ 82.4217
INV-JZPLEVZ1,2026-03-23,receivable,order_jzplevz1fhwe57,"4,392.82",INV INV-JZPLEVZ1 domestic sale
INV-KHWYM6CF,2026-03-23,receivable,order_khwym6cf0lnpq6,"1,268.34",INV INV-KHWYM6CF domestic sale
INV-KIX604K3,2026-03-23,receivable,,"3,171.84",INV INV-KIX604K3 domestic sale
INV-L89D8TOE,2026-03-23,receivable,order_l89d8toe0nznrn,"4,881.02",INV INV-L89D8TOE domestic sale
INV-L9F0XB46,2026-03-23,receivable,order_l9f0xb46w03fss,"7,810.22",INV INV-L9F0XB46 domestic sale
INV-LGHCPF6X,2026-03-23,receivable,order_lghcpf6xtaazy6,"1,462.65",INV INV-LGHCPF6X domestic sale
INV-M4IXA3QQ,2026-03-23,receivable,order_m4ixa3qqrniywb,"3,416.42",INV INV-M4IXA3QQ domestic sale
INV-MPJ42XXK,2026-03-23,receivable,,"7,810.22",INV INV-MPJ42XXK domestic sale
INV-NB5FGLZP,2026-03-23,receivable,order_nb5fglzpof10w6,"1,463.62",INV INV-NB5FGLZP domestic sale
INV-P2NP3QST,2026-03-23,receivable,,"1,609.60",INV INV-P2NP3QST domestic sale
INV-P9TOSE1Y,2026-03-23,receivable,order_p9tose1yd401bz,"5,857.42",INV INV-P9TOSE1Y domestic sale
INV-Q5T21K8B,2026-03-23,receivable,,"1,951.82",INV INV-Q5T21K8B domestic sale
INV-R1FHOEDX,2026-03-23,receivable,order_r1fhoedxm2t6km,"1,951.82",INV INV-R1FHOEDX domestic sale
INV-SQ4LIN30,2026-03-23,receivable,order_sq4lin30g39m2y,"4,881.02",INV INV-SQ4LIN30 domestic sale
INV-TKD1429M,2026-03-23,receivable,order_tkd1429mayxmw8,"2,928.22",INV INV-TKD1429M domestic sale
INV-TWM5TU5D,2026-03-23,receivable,,"6,345.14",INV INV-TWM5TU5D domestic sale
INV-UBTSVK9X,2026-03-23,receivable,,"8,786.14",INV INV-UBTSVK9X domestic sale
INV-ULGK6R8A,2026-03-23,receivable,order_ulgk6r8ag7duge,"4,391.85",INV INV-ULGK6R8A domestic sale
INV-URXQMTN3,2026-03-23,receivable,,"3,416.42",INV INV-URXQMTN3 domestic sale
INV-VS697W2Z,2026-03-23,receivable,order_vs697w2zorp6ol,"1,951.82",INV INV-VS697W2Z domestic sale
INV-WTR7HU9S,2026-03-23,receivable,,"5,857.42",INV INV-WTR7HU9S domestic sale
INV-XE5TW4I0,2026-03-23,receivable,order_xe5tw4i0yfut7m,"4,392.82",INV INV-XE5TW4I0 domestic sale
INV-XTP67R7F,2026-03-23,receivable,order_xtp67r7fvzohdh,"4,881.02",INV INV-XTP67R7F domestic sale
INV-YGQ87WK1,2026-03-23,receivable,order_ygq87wk192y9k3,"5,368.74",INV INV-YGQ87WK1 domestic sale
INV-ZQ5H46VG,2026-03-23,receivable,,"1,268.34",INV INV-ZQ5H46VG domestic sale
TDS-OE17EHWH,2026-03-23,tds,,-72.97,Withholding accrual @ 1.00% on batch 17ehwh
TDS-Y95C38X9,2026-03-23,tds,,-64.98,Withholding accrual @ 1.00% on batch 5c38x9
CRN-2HLWI7DP,2026-03-24,refund,,"-3,749.50",Credit note against INV-8SWTRMLL
CRN-4K7J5NLE,2026-03-24,refund,,"-1,999.75",Credit note against INV-T4BH0O2B
CRN-8U04AYE5,2026-03-24,refund,,"-1,124.75",Credit note against INV-SW5HJIOQ
CRN-B1WF53M1,2026-03-24,refund,,"-1,299.00",Credit note against INV-DHAJW6DJ
CRN-GRFXV7TX,2026-03-24,refund,,"-1,999.75",Credit note against INV-GAWC649E
CRN-V0TJ4413,2026-03-24,refund,,"-2,999.50",Credit note against INV-QHXB3UA9
INV-1TN5P9ED,2026-03-24,receivable,order_1tn5p9edz5bm0z,"4,881.02",INV INV-1TN5P9ED domestic sale
INV-28IZ8TMQ,2026-03-24,receivable,order_28iz8tmqicmbop,"2,928.22",INV INV-28IZ8TMQ domestic sale
INV-3Q6RJFRB,2026-03-24,receivable,order_3q6rjfrbf5u5fr,"15,620.45",INV INV-3Q6RJFRB domestic sale
INV-45OE1G1O,2026-03-24,receivable,,780.14,INV INV-45OE1G1O domestic sale
INV-5LDFHEL8,2026-03-24,receivable,order_5ldfhel8no1cd5,"2,928.22",INV INV-5LDFHEL8 domestic sale
INV-6ACGTKNX,2026-03-24,receivable,,"4,881.02",INV INV-6ACGTKNX domestic sale
INV-6RG1VFST,2026-03-24,receivable,,"5,857.42",INV INV-6RG1VFST domestic sale
INV-78CMI362,2026-03-24,receivable,order_78cmi3625u6kd0,"4,392.82",INV INV-78CMI362 domestic sale
INV-7PJNG22L,2026-03-24,receivable,,"3,430.35",INV INV-7PJNG22L USD 42.00 @ 83.6494
INV-A4SX56LA,2026-03-24,receivable,,"1,463.62",INV INV-A4SX56LA domestic sale
INV-A82UIGWS,2026-03-24,receivable,,"4,392.82",INV INV-A82UIGWS domestic sale
INV-BDI4I52P,2026-03-24,receivable,order_bdi4i52pgd6cue,"3,416.42",INV INV-BDI4I52P domestic sale
INV-BFJT3VPI,2026-03-24,receivable,order_bfjt3vpi91mb9j,"4,392.82",INV INV-BFJT3VPI domestic sale
INV-C7W2D4C5,2026-03-24,receivable,,"7,321.05",INV INV-C7W2D4C5 domestic sale
INV-CLGXKM7S,2026-03-24,receivable,order_clgxkm7s8ws3h6,"10,738.94",INV INV-CLGXKM7S domestic sale
INV-CR51T04R,2026-03-24,receivable,order_cr51t04r7ecoc6,"4,392.82",INV INV-CR51T04R domestic sale
INV-DM72L3AT,2026-03-24,receivable,,"10,081.65",INV INV-DM72L3AT domestic sale
INV-HXTOOIOB,2026-03-24,receivable,order_hxtooiobciaihm,"3,416.42",INV INV-HXTOOIOB domestic sale
INV-I4F3VRTN,2026-03-24,receivable,order_i4f3vrtnjujo69,"69,068.48",INV INV-I4F3VRTN domestic sale
INV-IESGYSI6,2026-03-24,receivable,order_iesgysi6t22jik,"3,903.65",INV INV-IESGYSI6 domestic sale
INV-KCTXIBRB,2026-03-24,receivable,,975.42,INV INV-KCTXIBRB domestic sale
INV-L0RWIWON,2026-03-24,receivable,,"1,951.82",INV INV-L0RWIWON domestic sale
INV-LGWHJCWY,2026-03-24,receivable,,"9,763.02",INV INV-LGWHJCWY domestic sale
INV-LK93G77X,2026-03-24,receivable,order_lk93g77xjcn3m3,"2,928.22",INV INV-LK93G77X domestic sale
INV-LLCI5T1O,2026-03-24,receivable,order_llci5t1o1msn0b,"1,463.62",INV INV-LLCI5T1O domestic sale
INV-NGND6P9D,2026-03-24,receivable,order_ngnd6p9dqvnzjb,"4,881.02",INV INV-NGND6P9D domestic sale
INV-PC7E5BXF,2026-03-24,receivable,,"4,391.85",INV INV-PC7E5BXF domestic sale
INV-PCGJPIMC,2026-03-24,receivable,,"5,406.43",INV INV-PCGJPIMC USD 67.00 @ 82.6434
INV-PE7FLWKN,2026-03-24,receivable,order_pe7flwkn1xs39t,"2,439.54",INV INV-PE7FLWKN domestic sale
INV-QSI6PO05,2026-03-24,receivable,,"2,440.02",INV INV-QSI6PO05 domestic sale
INV-R261WHW4,2026-03-24,receivable,order_r261whw42dzmf8,487.22,INV INV-R261WHW4 domestic sale
INV-RAFICDHS,2026-03-24,receivable,order_raficdhse3pji4,"7,810.22",INV INV-RAFICDHS domestic sale
INV-SD266A4U,2026-03-24,receivable,,975.42,INV INV-SD266A4U domestic sale
INV-SMKX8DO1,2026-03-24,receivable,order_smkx8do1exiu9b,"2,440.02",INV INV-SMKX8DO1 domestic sale
INV-SP5AABPT,2026-03-24,receivable,,780.14,INV INV-SP5AABPT domestic sale
INV-SVXA09NK,2026-03-24,receivable,,"5,857.42",INV INV-SVXA09NK domestic sale
INV-V4D600U6,2026-03-24,receivable,order_v4d600u6ylpkaw,"1,268.34",INV INV-V4D600U6 domestic sale
INV-VF4RJ7C7,2026-03-24,receivable,,"4,881.02",INV INV-VF4RJ7C7 domestic sale
INV-W4KRG69O,2026-03-24,receivable,order_w4krg69oak6gfo,"4,881.02",INV INV-W4KRG69O domestic sale
INV-YX5XVIGE,2026-03-24,receivable,,"5,857.42",INV INV-YX5XVIGE domestic sale
INV-ZYCGCK40,2026-03-24,receivable,order_zycgck40dc1sgs,"2,928.22",INV INV-ZYCGCK40 domestic sale
TDS-KTQMFQJC,2026-03-24,tds,,-74.98,Withholding accrual @ 1.00% on batch qmfqjc
TDS-TLPYQNF4,2026-03-24,tds,,-74.97,Withholding accrual @ 1.00% on batch pyqnf4
TDS-W6YZ9HCE,2026-03-24,tds,,-19.99,Withholding accrual @ 1.00% on batch yz9hce
INV-1GM329EH,2026-03-25,receivable,order_1gm329ehd00x2s,975.42,INV INV-1GM329EH domestic sale
INV-1PQARN33,2026-03-25,receivable,,"4,391.85",INV INV-1PQARN33 domestic sale
INV-1XLVH44V,2026-03-25,receivable,order_1xlvh44v0dilac,"1,219.04",INV INV-1XLVH44V domestic sale
INV-1ZISQO6S,2026-03-25,receivable,order_1zisqo6s5yhoqv,"82,973.73",INV INV-1ZISQO6S domestic sale
INV-2OODWCCH,2026-03-25,receivable,order_2oodwcchfmbafd,"9,731.86",INV INV-2OODWCCH USD 121.00 @ 82.3726
INV-3CPTNGVE,2026-03-25,receivable,,"2,440.02",INV INV-3CPTNGVE domestic sale
INV-8NJVOH9G,2026-03-25,receivable,order_8njvoh9gdo32qo,"1,268.34",INV INV-8NJVOH9G domestic sale
INV-8VKQZ0EG,2026-03-25,receivable,order_8vkqz0eg8d3mij,"5,857.42",INV INV-8VKQZ0EG domestic sale
INV-8WPB0NOD,2026-03-25,receivable,,"2,928.22",INV INV-8WPB0NOD domestic sale
INV-9565VMQ3,2026-03-25,receivable,,"2,936.17",INV INV-9565VMQ3 USD 36.00 @ 83.5318
INV-9IBXY4DG,2026-03-25,receivable,order_9ibxy4dgrkefbp,"8,297.45",INV INV-9IBXY4DG domestic sale
INV-AI05T6DJ,2026-03-25,receivable,order_ai05t6dj32iup0,"4,392.34",INV INV-AI05T6DJ domestic sale
INV-BQ0UG9NC,2026-03-25,receivable,order_bq0ug9nch5t3tx,"1,463.62",INV INV-BQ0UG9NC domestic sale
INV-C4ZBPY25,2026-03-25,receivable,order_c4zbpy25e1nkaj,"2,440.02",INV INV-C4ZBPY25 domestic sale
INV-C5AJ7GS4,2026-03-25,receivable,order_c5aj7gs4qlh5tf,"1,951.82",INV INV-C5AJ7GS4 domestic sale
INV-DWZJ20MR,2026-03-25,receivable,order_dwzj20mrg7ubfy,"1,853.70",INV INV-DWZJ20MR domestic sale
INV-E393VVDU,2026-03-25,receivable,,"9,763.02",INV INV-E393VVDU domestic sale
INV-E86DFT91,2026-03-25,receivable,order_e86dft91f4br0p,"2,243.77",INV INV-E86DFT91 domestic sale
INV-EDS1NM7K,2026-03-25,receivable,,"7,810.22",INV INV-EDS1NM7K domestic sale
INV-EE0TA39D,2026-03-25,receivable,order_ee0ta39d2hu64m,"7,810.22",INV INV-EE0TA39D domestic sale
INV-HWAGGM0A,2026-03-25,receivable,,"17,399.12",INV INV-HWAGGM0A domestic sale
INV-I3BRD46B,2026-03-25,receivable,order_i3brd46bqqz0m7,"1,951.82",INV INV-I3BRD46B domestic sale
INV-IDIBM0Z4,2026-03-25,receivable,order_idibm0z4zjtp2s,780.14,INV INV-IDIBM0Z4 domestic sale
INV-IGG62IAC,2026-03-25,receivable,,974.45,INV INV-IGG62IAC domestic sale
INV-IH8NSSA1,2026-03-25,receivable,order_ih8nssa105mhm0,"6,345.14",INV INV-IH8NSSA1 domestic sale
INV-IMLNXTIP,2026-03-25,receivable,,"5,857.42",INV INV-IMLNXTIP domestic sale
INV-IX3D6O92,2026-03-25,receivable,order_ix3d6o9291gv69,"4,186.04",INV INV-IX3D6O92 USD 51.00 @ 84.0631
INV-JCQM2RZY,2026-03-25,receivable,,"1,268.34",INV INV-JCQM2RZY domestic sale
INV-JK8P0Z5Z,2026-03-25,receivable,order_jk8p0z5zbrsxf4,"2,928.22",INV INV-JK8P0Z5Z domestic sale
INV-LJ6EGP49,2026-03-25,receivable,order_lj6egp49ga24rx,"7,827.04",INV INV-LJ6EGP49 USD 96.00 @ 83.5023
INV-MJSZWRC4,2026-03-25,receivable,order_mjszwrc4q6a6yq,"4,881.02",INV INV-MJSZWRC4 domestic sale
INV-MRDF2LZP,2026-03-25,receivable,order_mrdf2lzpzkdyjh,"4,881.02",INV INV-MRDF2LZP domestic sale
INV-O51I936P,2026-03-25,receivable,,"5,368.25",INV INV-O51I936P domestic sale
INV-O51TNJ52,2026-03-25,receivable,order_o51tnj52kdh8b3,487.22,INV INV-O51TNJ52 domestic sale
INV-OELYUEHY,2026-03-25,receivable,order_oelyuehy7qs60y,"4,881.02",INV INV-OELYUEHY domestic sale
INV-OP281Z37,2026-03-25,receivable,order_op281z378tnasm,"9,763.02",INV INV-OP281Z37 domestic sale
INV-Q5VERNZ2,2026-03-25,receivable,,"7,809.25",INV INV-Q5VERNZ2 domestic sale
INV-SKQQ667R,2026-03-25,receivable,order_skqq667r8f7x5o,"2,440.02",INV INV-SKQQ667R domestic sale
INV-SX27W3FH,2026-03-25,receivable,order_sx27w3fh6cqitk,490.24,INV INV-SX27W3FH USD 6.00 @ 83.6820
INV-T9AOTB5F,2026-03-25,receivable,,"1,463.62",INV INV-T9AOTB5F domestic sale
INV-U4W8EEVV,2026-03-25,receivable,order_u4w8eevv5gr6cc,"4,881.02",INV INV-U4W8EEVV domestic sale
INV-V9G61P4K,2026-03-25,receivable,,"5,857.42",INV INV-V9G61P4K domestic sale
INV-W60QF5Q3,2026-03-25,receivable,,"5,856.94",INV INV-W60QF5Q3 domestic sale
INV-YFY627BK,2026-03-25,receivable,order_yfy627bkhfo6pq,"2,440.02",INV INV-YFY627BK domestic sale
INV-ZSUGWO9R,2026-03-25,receivable,,"5,368.25",INV INV-ZSUGWO9R domestic sale
CRN-V7MW3US4,2026-03-26,refund,,"-2,499.00",Credit note against INV-U1WANEYN
INV-027BKYNS,2026-03-26,receivable,order_027bkynsjond2q,"1,463.62",INV INV-027BKYNS domestic sale
INV-1K7VTN4W,2026-03-26,receivable,order_1k7vtn4wtw29h8,487.22,INV INV-1K7VTN4W domestic sale
INV-1QEF8XZ4,2026-03-26,receivable,order_1qef8xz4kytpxs,780.14,INV INV-1QEF8XZ4 domestic sale
INV-1TJSHAS5,2026-03-26,receivable,order_1tjshas5zhsvuq,"1,268.34",INV INV-1TJSHAS5 domestic sale
INV-1UIBVAS1,2026-03-26,receivable,,"1,463.62",INV INV-1UIBVAS1 domestic sale
INV-3HBH869S,2026-03-26,receivable,,975.42,INV INV-3HBH869S domestic sale
INV-5IPI677T,2026-03-26,receivable,order_5ipi677t1iuk5x,"7,809.25",INV INV-5IPI677T domestic sale
INV-5RFO6QMF,2026-03-26,receivable,order_5rfo6qmfd92xmp,487.22,INV INV-5RFO6QMF domestic sale
INV-6I5BSY90,2026-03-26,receivable,,975.42,INV INV-6I5BSY90 domestic sale
INV-6ZFVHNB8,2026-03-26,receivable,order_6zfvhnb8ur6az3,"4,392.82",INV INV-6ZFVHNB8 domestic sale
INV-7K8XMS25,2026-03-26,receivable,,"1,463.62",INV INV-7K8XMS25 domestic sale
INV-9UMM7XSM,2026-03-26,receivable,,"5,368.74",INV INV-9UMM7XSM domestic sale
INV-9X2YN8ZY,2026-03-26,receivable,order_9x2yn8zyjfu32m,"7,810.22",INV INV-9X2YN8ZY domestic sale
INV-ARXXVDZE,2026-03-26,receivable,order_arxxvdzecbtd7i,"3,416.42",INV INV-ARXXVDZE domestic sale
INV-B9ZG6VWB,2026-03-26,receivable,order_b9zg6vwbh2agcu,"2,928.22",INV INV-B9ZG6VWB domestic sale
INV-CEAZWEFG,2026-03-26,receivable,order_ceazwefgvy8m9p,975.42,INV INV-CEAZWEFG domestic sale
INV-CJIDQ7XI,2026-03-26,receivable,,"67,512.88",INV INV-CJIDQ7XI USD 836.00 @ 82.7090
INV-ELX8WY1O,2026-03-26,receivable,,"9,763.02",INV INV-ELX8WY1O domestic sale
INV-F9PB64LZ,2026-03-26,receivable,order_f9pb64lz6u215k,975.42,INV INV-F9PB64LZ domestic sale
INV-G6B4QBEZ,2026-03-26,receivable,order_g6b4qbezfji38g,"5,857.42",INV INV-G6B4QBEZ domestic sale
INV-GL72B2FS,2026-03-26,receivable,,"10,153.10",INV INV-GL72B2FS domestic sale
INV-GNX33EYA,2026-03-26,receivable,,"4,881.02",INV INV-GNX33EYA domestic sale
INV-GRGR0DCQ,2026-03-26,receivable,order_grgr0dcq3gqm9c,"9,788.05",INV INV-GRGR0DCQ USD 121.00 @ 82.8482
INV-HNNXQ5BX,2026-03-26,receivable,,"1,14,062.22",INV INV-HNNXQ5BX domestic sale
INV-IMDJKYFF,2026-03-26,receivable,,"1,01,587.82",INV INV-IMDJKYFF domestic sale
INV-JI4EW94U,2026-03-26,receivable,order_ji4ew94uch4cqo,"2,440.02",INV INV-JI4EW94U domestic sale
INV-KBRL56T1,2026-03-26,receivable,order_kbrl56t10sp82u,"3,416.42",INV INV-KBRL56T1 domestic sale
INV-KZAOA3K3,2026-03-26,receivable,order_kzaoa3k31dk2yp,"5,612.84",INV INV-KZAOA3K3 domestic sale
INV-NJ707XBI,2026-03-26,receivable,order_nj707xbivfebr3,"6,149.37",INV INV-NJ707XBI domestic sale
INV-OQAUFR1D,2026-03-26,receivable,order_oqaufr1d70ndyp,"3,416.42",INV INV-OQAUFR1D domestic sale
INV-OT383LEP,2026-03-26,receivable,,"2,536.69",INV INV-OT383LEP domestic sale
INV-RB4CWXV4,2026-03-26,receivable,order_rb4cwxv48yqi8s,"4,880.05",INV INV-RB4CWXV4 domestic sale
INV-SOLDIY8M,2026-03-26,receivable,order_soldiy8mc6y2jl,"4,392.82",INV INV-SOLDIY8M domestic sale
INV-TD3LWNT8,2026-03-26,receivable,,"1,268.34",INV INV-TD3LWNT8 domestic sale
INV-TG8LSJ6A,2026-03-26,receivable,order_tg8lsj6aki0n5l,"7,810.22",INV INV-TG8LSJ6A domestic sale
INV-TKWJ1B3U,2026-03-26,receivable,,"2,440.02",INV INV-TKWJ1B3U domestic sale
INV-U5BZ4SI2,2026-03-26,receivable,,"5,857.42",INV INV-U5BZ4SI2 domestic sale
INV-UYGGP4I2,2026-03-26,receivable,,"2,440.02",INV INV-UYGGP4I2 domestic sale
INV-WXRPXVH9,2026-03-26,receivable,order_wxrpxvh9q5l1zk,"97,133.58",INV INV-WXRPXVH9 domestic sale
INV-X57KL5FX,2026-03-26,receivable,,"7,810.22",INV INV-X57KL5FX domestic sale
INV-XRO4KOY8,2026-03-26,receivable,order_xro4koy8mpohm2,"2,928.22",INV INV-XRO4KOY8 domestic sale
INV-YH3V28YY,2026-03-26,receivable,,"6,101.04",INV INV-YH3V28YY domestic sale
INV-ZI7UVMU8,2026-03-26,receivable,,"5,857.42",INV INV-ZI7UVMU8 domestic sale
TDS-AX5JJM2M,2026-03-26,tds,,-611.59,Withholding accrual @ 1.00% on batch 5jjm2m
TDS-BZUF71H1,2026-03-26,tds,,-390.36,Withholding accrual @ 1.00% on batch uf71h1
CRN-MJ5AK4BS,2026-03-27,refund,,"-1,249.50",Credit note against INV-JI4EW94U
CRN-X54TJZ6I,2026-03-27,refund,,"-15,973.04",Credit note against INV-HXIIO776
INV-0O887WLN,2026-03-27,receivable,,"5,857.42",INV INV-0O887WLN domestic sale
INV-15N7HAS6,2026-03-27,receivable,,487.22,INV INV-15N7HAS6 domestic sale
INV-1PE45ZHR,2026-03-27,receivable,order_1pe45zhrsnrq9w,"1,951.82",INV INV-1PE45ZHR domestic sale
INV-2TQ2INHO,2026-03-27,receivable,order_2tq2inhowukrh4,"6,491.60",INV INV-2TQ2INHO domestic sale
INV-43US45RN,2026-03-27,receivable,order_43us45rnbtrslx,"4,392.82",INV INV-43US45RN domestic sale
INV-5D6WOVQB,2026-03-27,receivable,order_5d6wovqb25r6kh,"13,179.45",INV INV-5D6WOVQB domestic sale
INV-5F99X5JP,2026-03-27,receivable,order_5f99x5jpdq9zql,"4,392.82",INV INV-5F99X5JP domestic sale
INV-5R3KF4T8,2026-03-27,receivable,order_5r3kf4t8vje6jf,"2,928.22",INV INV-5R3KF4T8 domestic sale
INV-5RCML694,2026-03-27,receivable,,"8,590.37",INV INV-5RCML694 domestic sale
INV-5V1OLYU6,2026-03-27,receivable,order_5v1olyu6fmy6q2,"6,101.04",INV INV-5V1OLYU6 domestic sale
INV-68J7FUHD,2026-03-27,receivable,order_68j7fuhdlzyfm8,"6,589.24",INV INV-68J7FUHD domestic sale
INV-6SV2SRZR,2026-03-27,receivable,order_6sv2srzrukfi8v,"1,268.34",INV INV-6SV2SRZR domestic sale
INV-7WDVPI70,2026-03-27,receivable,order_7wdvpi70eimulp,"4,392.82",INV INV-7WDVPI70 domestic sale
INV-94M8VTK6,2026-03-27,receivable,order_94m8vtk6wklkl7,"6,833.34",INV INV-94M8VTK6 domestic sale
INV-9UBEYE6B,2026-03-27,receivable,,"2,731.97",INV INV-9UBEYE6B domestic sale
INV-ABNQAE6T,2026-03-27,receivable,order_abnqae6t9t8ynb,"5,856.45",INV INV-ABNQAE6T domestic sale
INV-AJY42K9S,2026-03-27,receivable,,"4,881.02",INV INV-AJY42K9S domestic sale
INV-AVM1RHDJ,2026-03-27,receivable,order_avm1rhdjwtcrn9,"9,763.02",INV INV-AVM1RHDJ domestic sale
INV-BKAZHG5J,2026-03-27,receivable,order_bkazhg5jyxwch3,"4,881.02",INV INV-BKAZHG5J domestic sale
INV-DSCN740O,2026-03-27,receivable,order_dscn740ofsd12d,"2,928.22",INV INV-DSCN740O domestic sale
INV-EERM89Q2,2026-03-27,receivable,,"5,857.42",INV INV-EERM89Q2 domestic sale
INV-EH1Q7MO8,2026-03-27,receivable,order_eh1q7mo8m86ht7,"3,416.42",INV INV-EH1Q7MO8 domestic sale
INV-FCS7LWD5,2026-03-27,receivable,,"5,856.45",INV INV-FCS7LWD5 domestic sale
INV-FEJO9Z0B,2026-03-27,receivable,order_fejo9z0bhwl0b4,"4,881.02",INV INV-FEJO9Z0B domestic sale
INV-G2DXL8ER,2026-03-27,receivable,order_g2dxl8ereez2f9,"7,799.59",INV INV-G2DXL8ER USD 95.00 @ 84.0854
INV-GIP3XIN1,2026-03-27,receivable,order_gip3xin1udmaqi,"1,170.22",INV INV-GIP3XIN1 domestic sale
INV-HQIR6YZO,2026-03-27,receivable,order_hqir6yzo22y73o,"7,810.22",INV INV-HQIR6YZO domestic sale
INV-IB4CHHOO,2026-03-27,receivable,order_ib4chhoonc05ni,"4,392.82",INV INV-IB4CHHOO domestic sale
INV-JLQ9LAT0,2026-03-27,receivable,order_jlq9lat0gyiz4r,"2,097.80",INV INV-JLQ9LAT0 domestic sale
INV-JTAZ8FPV,2026-03-27,receivable,order_jtaz8fpvy1l1m2,"5,612.84",INV INV-JTAZ8FPV domestic sale
INV-KDD1HLPA,2026-03-27,receivable,order_kdd1hlpajkznl8,780.14,INV INV-KDD1HLPA domestic sale
INV-LNB2S5DQ,2026-03-27,receivable,,487.22,INV INV-LNB2S5DQ domestic sale
INV-LRWD6FKN,2026-03-27,receivable,order_lrwd6fkndul7tm,"1,463.62",INV INV-LRWD6FKN domestic sale
INV-N3H1QOH2,2026-03-27,receivable,order_n3h1qoh20d9hno,"95,655.73",INV INV-N3H1QOH2 domestic sale
INV-OGH7A6OE,2026-03-27,receivable,order_ogh7a6oeqb7weo,975.42,INV INV-OGH7A6OE domestic sale
INV-ONZCOVLO,2026-03-27,receivable,,"5,857.42",INV INV-ONZCOVLO domestic sale
INV-P68OYHXU,2026-03-27,receivable,order_p68oyhxu9kxooo,"2,921.69",INV INV-P68OYHXU USD 36.00 @ 83.1198
INV-PBTDI7G8,2026-03-27,receivable,,"3,416.42",INV INV-PBTDI7G8 domestic sale
INV-QKAU5SYK,2026-03-27,receivable,,"2,927.25",INV INV-QKAU5SYK domestic sale
INV-QORCPUQB,2026-03-27,receivable,order_qorcpuqbnsvtir,"4,392.82",INV INV-QORCPUQB domestic sale
INV-SPP9770Z,2026-03-27,receivable,order_spp9770zfb3ywl,487.22,INV INV-SPP9770Z domestic sale
INV-U6W5MKTM,2026-03-27,receivable,order_u6w5mktmsjhvei,"6,149.37",INV INV-U6W5MKTM domestic sale
INV-VXJKVJSI,2026-03-27,receivable,,"60,906.70",INV INV-VXJKVJSI domestic sale
INV-W78F4Y89,2026-03-27,receivable,order_w78f4y89vtel4b,"5,857.42",INV INV-W78F4Y89 domestic sale
INV-WTICMOHL,2026-03-27,receivable,,975.42,INV INV-WTICMOHL domestic sale
INV-Z8XOGX87,2026-03-27,receivable,order_z8xogx879py9z4,"7,810.22",INV INV-Z8XOGX87 domestic sale
INV-ZCZSICMF,2026-03-27,receivable,order_zczsicmfukqaeq,"3,903.65",INV INV-ZCZSICMF domestic sale
INV-ZFFLXBXE,2026-03-27,receivable,order_zfflxbxegjtz8i,"11,959.44",INV INV-ZFFLXBXE domestic sale
TDS-O71RNFZ5,2026-03-27,tds,,-29.99,Withholding accrual @ 1.00% on batch 1rnfz5
INV-4E2C6JZX,2026-03-28,receivable,,"4,392.82",INV INV-4E2C6JZX domestic sale
INV-58SF6XTK,2026-03-28,receivable,,"8,542.04",INV INV-58SF6XTK domestic sale
INV-780J4G3S,2026-03-28,receivable,order_780j4g3sa6p3yt,780.14,INV INV-780J4G3S domestic sale
INV-9VNDAOPD,2026-03-28,receivable,,"68,598.76",INV INV-9VNDAOPD domestic sale
INV-BB8KM9LD,2026-03-28,receivable,,"1,463.62",INV INV-BB8KM9LD domestic sale
INV-ETM3M445,2026-03-28,receivable,,"1,951.82",INV INV-ETM3M445 domestic sale
INV-ETPI6XJE,2026-03-28,receivable,,"2,927.74",INV INV-ETPI6XJE domestic sale
INV-HC4AS9UA,2026-03-28,receivable,,"2,928.22",INV INV-HC4AS9UA domestic sale
INV-ILRG3FJ4,2026-03-28,receivable,order_ilrg3fj43in0ky,816.38,INV INV-ILRG3FJ4 USD 10.00 @ 83.6114
INV-SO71MIMP,2026-03-28,receivable,order_so71mimp92634b,"5,857.42",INV INV-SO71MIMP domestic sale
INV-52ZZLJTH,2026-03-29,receivable,order_52zzljth8xi9lf,"1,951.34",INV INV-52ZZLJTH domestic sale
INV-CCWEFKK7,2026-03-29,receivable,,"5,368.25",INV INV-CCWEFKK7 domestic sale
INV-FCKZVK0Z,2026-03-29,receivable,,"1,462.65",INV INV-FCKZVK0Z domestic sale
INV-GLO03E6G,2026-03-29,receivable,,"4,392.82",INV INV-GLO03E6G domestic sale
INV-PH32WQJ4,2026-03-29,receivable,order_ph32wqj4xy3a24,"1,268.34",INV INV-PH32WQJ4 domestic sale
INV-Q0Q4K94K,2026-03-29,receivable,,975.42,INV INV-Q0Q4K94K domestic sale
INV-SMBBKJY8,2026-03-29,receivable,order_smbbkjy8q798nh,"2,440.02",INV INV-SMBBKJY8 domestic sale
INV-W9NETC9W,2026-03-29,receivable,,"1,268.34",INV INV-W9NETC9W domestic sale
INV-WPC2SQ47,2026-03-29,receivable,order_wpc2sq47pzt20l,"4,196.57",INV INV-WPC2SQ47 domestic sale
CRN-L2J3FQCJ,2026-03-30,refund,,"-3,499.00",Credit note against INV-VVVHOLPU
INV-0M9RYOSG,2026-03-30,receivable,order_0m9ryosgno0fhx,"7,810.22",INV INV-0M9RYOSG domestic sale
INV-1RMPA8XS,2026-03-30,receivable,order_1rmpa8xs70fibw,"2,928.22",INV INV-1RMPA8XS domestic sale
INV-3J8DQC50,2026-03-30,receivable,,"3,416.42",INV INV-3J8DQC50 domestic sale
INV-4DQ4CPZD,2026-03-30,receivable,order_4dq4cpzdci0598,"2,440.02",INV INV-4DQ4CPZD domestic sale
INV-6SSGR1U9,2026-03-30,receivable,order_6ssgr1u9t6e0v5,"7,808.84",INV INV-6SSGR1U9 USD 97.00 @ 82.4494
INV-77TQQ2IF,2026-03-30,receivable,order_77tqq2if8d3z46,"4,392.82",INV INV-77TQQ2IF domestic sale
INV-8OA4DIUX,2026-03-30,receivable,,"4,391.85",INV INV-8OA4DIUX domestic sale
INV-9BPH1KXX,2026-03-30,receivable,order_9bph1kxxawljxw,"11,471.24",INV INV-9BPH1KXX domestic sale
INV-AM0DPGGZ,2026-03-30,receivable,,"4,685.26",INV INV-AM0DPGGZ domestic sale
INV-AQ38QJH8,2026-03-30,receivable,order_aq38qjh8hufs8e,"1,463.62",INV INV-AQ38QJH8 domestic sale
INV-BMGT8O7F,2026-03-30,receivable,order_bmgt8o7f8llj5h,"4,392.82",INV INV-BMGT8O7F domestic sale
INV-BWT9NZEN,2026-03-30,receivable,,"4,881.02",INV INV-BWT9NZEN domestic sale
INV-G7VX26WW,2026-03-30,receivable,order_g7vx26wwwzvyhy,"5,856.45",INV INV-G7VX26WW domestic sale
INV-HEWFXFQX,2026-03-30,receivable,,"17,573.25",INV INV-HEWFXFQX domestic sale
INV-IMHAJJRK,2026-03-30,receivable,order_imhajjrk1j3nql,"6,832.85",INV INV-IMHAJJRK domestic sale
INV-IS9Y093X,2026-03-30,receivable,order_is9y093xdwbzou,975.42,INV INV-IS9Y093X domestic sale
INV-JEFZE2AO,2026-03-30,receivable,,"7,810.22",INV INV-JEFZE2AO domestic sale
INV-JUALGD0P,2026-03-30,receivable,order_jualgd0pl2xy6g,"9,763.02",INV INV-JUALGD0P domestic sale
INV-K8H5ENNZ,2026-03-30,receivable,order_k8h5ennzsyxweh,"7,077.44",INV INV-K8H5ENNZ domestic sale
INV-KDB5VU7H,2026-03-30,receivable,,"2,928.22",INV INV-KDB5VU7H domestic sale
INV-KR4VQW7N,2026-03-30,receivable,,"6,345.14",INV INV-KR4VQW7N domestic sale
INV-LI6XRQ20,2026-03-30,receivable,,"4,392.82",INV INV-LI6XRQ20 domestic sale
INV-M32LBIOY,2026-03-30,receivable,order_m32lbioy1hmmvt,"7,125.77",INV INV-M32LBIOY domestic sale
INV-NSHSIRG0,2026-03-30,receivable,,"1,951.82",INV INV-NSHSIRG0 domestic sale
INV-NYDZVGJT,2026-03-30,receivable,order_nydzvgjtyvyyw5,"2,928.22",INV INV-NYDZVGJT domestic sale
INV-O3WISELC,2026-03-30,receivable,,"4,881.02",INV INV-O3WISELC domestic sale
INV-O746UFGN,2026-03-30,receivable,order_o746ufgnya22sa,"1,11,558.76",INV INV-O746UFGN domestic sale
INV-QI2VONHH,2026-03-30,receivable,order_qi2vonhhyldnq9,"4,881.02",INV INV-QI2VONHH domestic sale
INV-QRBPHHVB,2026-03-30,receivable,order_qrbphhvb9gbvdr,"4,392.82",INV INV-QRBPHHVB domestic sale
INV-RHEI0UEK,2026-03-30,receivable,order_rhei0uekc71r89,"1,268.34",INV INV-RHEI0UEK domestic sale
INV-T4IQJ2ZA,2026-03-30,receivable,order_t4iqj2zadfv1mc,"1,463.62",INV INV-T4IQJ2ZA domestic sale
INV-TDFJ64I7,2026-03-30,receivable,order_tdfj64i7bv8m7x,"1,511.96",INV INV-TDFJ64I7 domestic sale
INV-WABSPF4O,2026-03-30,receivable,order_wabspf4o3gs8gb,"9,763.02",INV INV-WABSPF4O domestic sale
INV-WW3BDEAI,2026-03-30,receivable,,"2,927.74",INV INV-WW3BDEAI domestic sale
INV-Y3AZ0D84,2026-03-30,receivable,,"1,951.82",INV INV-Y3AZ0D84 domestic sale
INV-ZP9GCOE1,2026-03-30,receivable,order_zp9gcoe1aiht7k,"10,006.64",INV INV-ZP9GCOE1 domestic sale
TDS-NPAM80Q8,2026-03-30,tds,,-110.47,Withholding accrual @ 1.00% on batch am80q8
TDS-OK3FB2OA,2026-03-30,tds,,-49.98,Withholding accrual @ 1.00% on batch 3fb2oa
CRN-02DXG6NK,2026-03-31,refund,,"-5,498.00",Credit note against INV-CCWEFKK7
CRN-2HJ07BS9,2026-03-31,refund,,"-1,749.50",Credit note against INV-TH2U0URG
CRN-365YB4RW,2026-03-31,refund,,"-1,499.50",Credit note against INV-JK8P0Z5Z
INV-0A3XB9PZ,2026-03-31,receivable,order_0a3xb9pzhjroku,487.22,INV INV-0A3XB9PZ domestic sale
INV-16X2ACWY,2026-03-31,receivable,,"7,810.22",INV INV-16X2ACWY domestic sale
INV-2WDD2471,2026-03-31,receivable,order_2wdd2471bqb3ps,"1,268.34",INV INV-2WDD2471 domestic sale
INV-3U4KRZM4,2026-03-31,receivable,order_3u4krzm4psbtst,780.14,INV INV-3U4KRZM4 domestic sale
INV-4HFD2UNM,2026-03-31,receivable,order_4hfd2unm9l6240,"2,928.22",INV INV-4HFD2UNM domestic sale
INV-4ZBY4P5G,2026-03-31,receivable,order_4zby4p5g7pzjkm,"12,691.25",INV INV-4ZBY4P5G domestic sale
INV-5AYN1K51,2026-03-31,receivable,order_5ayn1k51y3xaxv,"3,415.94",INV INV-5AYN1K51 domestic sale
INV-5Z4WTGS9,2026-03-31,receivable,order_5z4wtgs98bki4g,975.42,INV INV-5Z4WTGS9 domestic sale
INV-6UPAZAAQ,2026-03-31,receivable,order_6upazaaqb1od5a,"2,928.22",INV INV-6UPAZAAQ domestic sale
INV-80VRX3GT,2026-03-31,receivable,order_80vrx3gtjgh27p,"1,707.24",INV INV-80VRX3GT domestic sale
INV-88699S3G,2026-03-31,receivable,order_88699s3g3g41y1,"1,463.62",INV INV-88699S3G domestic sale
INV-8C5GJIYR,2026-03-31,receivable,,975.42,INV INV-8C5GJIYR domestic sale
INV-B3M42RVP,2026-03-31,receivable,,"7,810.22",INV INV-B3M42RVP domestic sale
INV-BY4IG3DE,2026-03-31,receivable,order_by4ig3devehzvc,"9,763.02",INV INV-BY4IG3DE domestic sale
INV-D49LMS41,2026-03-31,receivable,,"4,881.02",INV INV-D49LMS41 domestic sale
INV-DU7I1JZK,2026-03-31,receivable,order_du7i1jzkv1b4si,"9,763.02",INV INV-DU7I1JZK domestic sale
INV-E8JUX8YO,2026-03-31,receivable,,"9,763.02",INV INV-E8JUX8YO domestic sale
INV-EPCICY26,2026-03-31,receivable,order_epcicy26fzxf58,"1,268.34",INV INV-EPCICY26 domestic sale
INV-F795354R,2026-03-31,receivable,order_f795354rtk4khb,780.14,INV INV-F795354R domestic sale
INV-GDMDIJU5,2026-03-31,receivable,order_gdmdiju50oosnm,"7,810.22",INV INV-GDMDIJU5 domestic sale
INV-HALLEPB7,2026-03-31,receivable,,"14,155.85",INV INV-HALLEPB7 domestic sale
INV-HK6AJZ9G,2026-03-31,receivable,order_hk6ajz9gpyy01i,"7,810.22",INV INV-HK6AJZ9G domestic sale
INV-ID7TW5FZ,2026-03-31,receivable,order_id7tw5fzq2qh8k,"17,461.74",INV INV-ID7TW5FZ domestic sale
INV-IND2GEKX,2026-03-31,receivable,order_ind2gekxws41ht,"2,440.02",INV INV-IND2GEKX domestic sale
INV-K09JXKUO,2026-03-31,receivable,order_k09jxkuogfh6rh,975.42,INV INV-K09JXKUO domestic sale
INV-KN0M1D5U,2026-03-31,receivable,order_kn0m1d5u8le3yp,"3,416.42",INV INV-KN0M1D5U domestic sale
INV-NO9VMPJB,2026-03-31,receivable,order_no9vmpjbd4k7ij,487.22,INV INV-NO9VMPJB domestic sale
INV-NQTYDURC,2026-03-31,receivable,,"2,440.02",INV INV-NQTYDURC domestic sale
INV-O7735JZD,2026-03-31,receivable,,"1,463.62",INV INV-O7735JZD domestic sale
INV-P7GW89WL,2026-03-31,receivable,order_p7gw89wldqh41b,"1,268.34",INV INV-P7GW89WL domestic sale
INV-PTEWLD45,2026-03-31,receivable,,"12,203.05",INV INV-PTEWLD45 domestic sale
INV-QG717NWA,2026-03-31,receivable,order_qg717nwaxvznrf,"1,268.34",INV INV-QG717NWA domestic sale
INV-S56UJ00K,2026-03-31,receivable,,"5,856.45",INV INV-S56UJ00K domestic sale
INV-TER6Z72C,2026-03-31,receivable,order_ter6z72co4zrqo,"1,268.34",INV INV-TER6Z72C domestic sale
INV-TMOC586X,2026-03-31,receivable,order_tmoc586xr7xq74,"12,593.68",INV INV-TMOC586X domestic sale
INV-TOWGBARV,2026-03-31,receivable,order_towgbarvcxq1hd,"5,857.42",INV INV-TOWGBARV domestic sale
INV-VRC0374C,2026-03-31,receivable,,975.42,INV INV-VRC0374C domestic sale
INV-W4HF1XB3,2026-03-31,receivable,order_w4hf1xb3d5eegj,"2,928.22",INV INV-W4HF1XB3 domestic sale
INV-XAG9Z22C,2026-03-31,receivable,order_xag9z22c2ih8jg,"3,318.30",INV INV-XAG9Z22C domestic sale
INV-Z9SV1IB3,2026-03-31,receivable,order_z9sv1ib3y02h5x,"2,440.02",INV INV-Z9SV1IB3 domestic sale
TDS-C2ND6JEW,2026-03-31,tds,,-162.45,Withholding accrual @ 1.00% on batch nd6jew
TDS-DNMVIYA6,2026-03-31,tds,,-104.98,Withholding accrual @ 1.00% on batch mviya6
TDS-IN7EM8GS,2026-03-31,tds,,-762.54,Withholding accrual @ 1.00% on batch 7em8gs
TDS-PFK5L6J7,2026-03-31,tds,,-386.64,Withholding accrual @ 1.00% on batch k5l6j7
TDS-0SAD3B4A,2026-04-01,tds,,-129.98,Withholding accrual @ 1.00% on batch ad3b4a
